date,item_name,quantity_sold,revenue
2026-01-01,Mango,12,6000
2026-01-01,Orange,3,600
2026-01-01,Lemon,2,300
2026-01-01,Watermelon,13,1300
2026-01-01,Coffee Beans,6,15000
2026-01-01,Milk,5,900
2026-01-01,Sugar,5,600
2026-01-01,Green Tea,4,3200
2026-01-01,Croissant,13,1950
2026-01-01,Sandwich Bread,3,240
2026-01-01,Cups,12,60
2026-01-01,Straws,13,26
2026-01-01,Napkins,10,30
2026-01-01,Ice,3,150
2026-01-01,Mint,11,3300
2026-01-02,Mango,8,4000
2026-01-02,Orange,2,400
2026-01-02,Lemon,2,300
2026-01-02,Watermelon,3,300
2026-01-02,Coffee Beans,5,12500
2026-01-02,Milk,5,900
2026-01-02,Sugar,10,1200
2026-01-02,Green Tea,11,8800
2026-01-02,Croissant,2,300
2026-01-02,Sandwich Bread,10,800
2026-01-02,Cups,5,25
2026-01-02,Straws,13,26
2026-01-02,Napkins,12,36
2026-01-02,Ice,13,650
2026-01-02,Mint,10,3000
2026-01-03,Mango,11,5500
2026-01-03,Orange,7,1400
2026-01-03,Lemon,12,1800
2026-01-03,Watermelon,15,1500
2026-01-03,Coffee Beans,8,20000
2026-01-03,Milk,19,3420
2026-01-03,Sugar,21,2520
2026-01-03,Green Tea,2,1600
2026-01-03,Croissant,19,2850
2026-01-03,Sandwich Bread,19,1520
2026-01-03,Cups,5,25
2026-01-03,Straws,18,36
2026-01-03,Napkins,11,33
2026-01-03,Ice,9,450
2026-01-03,Mint,8,2400
2026-01-04,Mango,5,2500
2026-01-04,Orange,7,1400
2026-01-04,Lemon,19,2850
2026-01-04,Watermelon,9,900
2026-01-04,Coffee Beans,4,10000
2026-01-04,Milk,4,720
2026-01-04,Sugar,11,1320
2026-01-04,Green Tea,4,3200
2026-01-04,Croissant,9,1350
2026-01-04,Sandwich Bread,21,1680
2026-01-04,Cups,9,45
2026-01-04,Straws,15,30
2026-01-04,Napkins,8,24
2026-01-04,Ice,19,950
2026-01-04,Mint,2,600
2026-01-05,Mango,13,6500
2026-01-05,Orange,9,1800
2026-01-05,Lemon,10,1500
2026-01-05,Watermelon,3,300
2026-01-05,Coffee Beans,8,20000
2026-01-05,Milk,3,540
2026-01-05,Sugar,10,1200
2026-01-05,Green Tea,6,4800
2026-01-05,Croissant,15,2250
2026-01-05,Sandwich Bread,12,960
2026-01-05,Cups,11,55
2026-01-05,Straws,15,30
2026-01-05,Napkins,7,21
2026-01-05,Ice,11,550
2026-01-05,Mint,5,1500
2026-01-06,Mango,13,6500
2026-01-06,Orange,3,600
2026-01-06,Lemon,2,300
2026-01-06,Watermelon,12,1200
2026-01-06,Coffee Beans,5,12500
2026-01-06,Milk,14,2520
2026-01-06,Sugar,6,720
2026-01-06,Green Tea,3,2400
2026-01-06,Croissant,15,2250
2026-01-06,Sandwich Bread,5,400
2026-01-06,Cups,15,75
2026-01-06,Straws,3,6
2026-01-06,Napkins,8,24
2026-01-06,Ice,6,300
2026-01-06,Mint,9,2700
2026-01-07,Mango,12,6000
2026-01-07,Orange,15,3000
2026-01-07,Lemon,7,1050
2026-01-07,Watermelon,4,400
2026-01-07,Coffee Beans,7,17500
2026-01-07,Milk,7,1260
2026-01-07,Sugar,5,600
2026-01-07,Green Tea,12,9600
2026-01-07,Croissant,6,900
2026-01-07,Sandwich Bread,13,1040
2026-01-07,Cups,12,60
2026-01-07,Straws,12,24
2026-01-07,Napkins,3,9
2026-01-07,Ice,11,550
2026-01-07,Mint,12,3600
2026-01-08,Mango,4,2000
2026-01-08,Orange,10,2000
2026-01-08,Lemon,13,1950
2026-01-08,Watermelon,5,500
2026-01-08,Coffee Beans,4,10000
2026-01-08,Milk,9,1620
2026-01-08,Sugar,8,960
2026-01-08,Green Tea,6,4800
2026-01-08,Croissant,12,1800
2026-01-08,Sandwich Bread,13,1040
2026-01-08,Cups,10,50
2026-01-08,Straws,5,10
2026-01-08,Napkins,12,36
2026-01-08,Ice,7,350
2026-01-08,Mint,15,4500
2026-01-09,Mango,14,7000
2026-01-09,Orange,14,2800
2026-01-09,Lemon,2,300
2026-01-09,Watermelon,5,500
2026-01-09,Coffee Beans,15,37500
2026-01-09,Milk,2,360
2026-01-09,Sugar,14,1680
2026-01-09,Green Tea,7,5600
2026-01-09,Croissant,8,1200
2026-01-09,Sandwich Bread,6,480
2026-01-09,Cups,3,15
2026-01-09,Straws,5,10
2026-01-09,Napkins,11,33
2026-01-09,Ice,13,650
2026-01-09,Mint,7,2100
2026-01-10,Mango,7,3500
2026-01-10,Orange,16,3200
2026-01-10,Lemon,12,1800
2026-01-10,Watermelon,11,1100
2026-01-10,Coffee Beans,16,40000
2026-01-10,Milk,12,2160
2026-01-10,Sugar,5,600
2026-01-10,Green Tea,8,6400
2026-01-10,Croissant,5,750
2026-01-10,Sandwich Bread,7,560
2026-01-10,Cups,18,90
2026-01-10,Straws,14,28
2026-01-10,Napkins,14,42
2026-01-10,Ice,8,400
2026-01-10,Mint,18,5400
2026-01-11,Mango,15,7500
2026-01-11,Orange,11,2200
2026-01-11,Lemon,15,2250
2026-01-11,Watermelon,11,1100
2026-01-11,Coffee Beans,9,22500
2026-01-11,Milk,7,1260
2026-01-11,Sugar,5,600
2026-01-11,Green Tea,14,11200
2026-01-11,Croissant,12,1800
2026-01-11,Sandwich Bread,4,320
2026-01-11,Cups,19,95
2026-01-11,Straws,2,4
2026-01-11,Napkins,21,63
2026-01-11,Ice,4,200
2026-01-11,Mint,5,1500
2026-01-12,Mango,12,6000
2026-01-12,Orange,4,800
2026-01-12,Lemon,14,2100
2026-01-12,Watermelon,12,1200
2026-01-12,Coffee Beans,8,20000
2026-01-12,Milk,11,1980
2026-01-12,Sugar,3,360
2026-01-12,Green Tea,8,6400
2026-01-12,Croissant,8,1200
2026-01-12,Sandwich Bread,11,880
2026-01-12,Cups,9,45
2026-01-12,Straws,10,20
2026-01-12,Napkins,6,18
2026-01-12,Ice,10,500
2026-01-12,Mint,15,4500
2026-01-13,Mango,2,1000
2026-01-13,Orange,12,2400
2026-01-13,Lemon,13,1950
2026-01-13,Watermelon,3,300
2026-01-13,Coffee Beans,12,30000
2026-01-13,Milk,10,1800
2026-01-13,Sugar,14,1680
2026-01-13,Green Tea,6,4800
2026-01-13,Croissant,14,2100
2026-01-13,Sandwich Bread,12,960
2026-01-13,Cups,7,35
2026-01-13,Straws,3,6
2026-01-13,Napkins,6,18
2026-01-13,Ice,8,400
2026-01-13,Mint,4,1200
2026-01-14,Mango,9,4500
2026-01-14,Orange,2,400
2026-01-14,Lemon,13,1950
2026-01-14,Watermelon,13,1300
2026-01-14,Coffee Beans,6,15000
2026-01-14,Milk,10,1800
2026-01-14,Sugar,14,1680
2026-01-14,Green Tea,4,3200
2026-01-14,Croissant,10,1500
2026-01-14,Sandwich Bread,3,240
2026-01-14,Cups,15,75
2026-01-14,Straws,12,24
2026-01-14,Napkins,6,18
2026-01-14,Ice,15,750
2026-01-14,Mint,12,3600
2026-01-15,Mango,10,5000
2026-01-15,Orange,11,2200
2026-01-15,Lemon,5,750
2026-01-15,Watermelon,4,400
2026-01-15,Coffee Beans,7,17500
2026-01-15,Milk,14,2520
2026-01-15,Sugar,4,480
2026-01-15,Green Tea,10,8000
2026-01-15,Croissant,14,2100
2026-01-15,Sandwich Bread,10,800
2026-01-15,Cups,2,10
2026-01-15,Straws,11,22
2026-01-15,Napkins,7,21
2026-01-15,Ice,9,450
2026-01-15,Mint,2,600
2026-01-16,Mango,3,1500
2026-01-16,Orange,7,1400
2026-01-16,Lemon,15,2250
2026-01-16,Watermelon,14,1400
2026-01-16,Coffee Beans,6,15000
2026-01-16,Milk,5,900
2026-01-16,Sugar,2,240
2026-01-16,Green Tea,5,4000
2026-01-16,Croissant,11,1650
2026-01-16,Sandwich Bread,3,240
2026-01-16,Cups,3,15
2026-01-16,Straws,13,26
2026-01-16,Napkins,9,27
2026-01-16,Ice,15,750
2026-01-16,Mint,3,900
2026-01-17,Mango,19,9500
2026-01-17,Orange,14,2800
2026-01-17,Lemon,19,2850
2026-01-17,Watermelon,5,500
2026-01-17,Coffee Beans,5,12500
2026-01-17,Milk,16,2880
2026-01-17,Sugar,12,1440
2026-01-17,Green Tea,14,11200
2026-01-17,Croissant,5,750
2026-01-17,Sandwich Bread,8,640
2026-01-17,Cups,14,70
2026-01-17,Straws,21,42
2026-01-17,Napkins,15,45
2026-01-17,Ice,11,550
2026-01-17,Mint,7,2100
2026-01-18,Mango,14,7000
2026-01-18,Orange,19,3800
2026-01-18,Lemon,18,2700
2026-01-18,Watermelon,18,1800
2026-01-18,Coffee Beans,7,17500
2026-01-18,Milk,18,3240
2026-01-18,Sugar,8,960
2026-01-18,Green Tea,11,8800
2026-01-18,Croissant,16,2400
2026-01-18,Sandwich Bread,16,1280
2026-01-18,Cups,9,45
2026-01-18,Straws,12,24
2026-01-18,Napkins,14,42
2026-01-18,Ice,12,600
2026-01-18,Mint,4,1200
2026-01-19,Mango,5,2500
2026-01-19,Orange,5,1000
2026-01-19,Lemon,3,450
2026-01-19,Watermelon,7,700
2026-01-19,Coffee Beans,2,5000
2026-01-19,Milk,11,1980
2026-01-19,Sugar,10,1200
2026-01-19,Green Tea,5,4000
2026-01-19,Croissant,11,1650
2026-01-19,Sandwich Bread,5,400
2026-01-19,Cups,2,10
2026-01-19,Straws,3,6
2026-01-19,Napkins,13,39
2026-01-19,Ice,12,600
2026-01-19,Mint,2,600
2026-01-20,Mango,5,2500
2026-01-20,Orange,3,600
2026-01-20,Lemon,2,300
2026-01-20,Watermelon,15,1500
2026-01-20,Coffee Beans,7,17500
2026-01-20,Milk,3,540
2026-01-20,Sugar,10,1200
2026-01-20,Green Tea,5,4000
2026-01-20,Croissant,6,900
2026-01-20,Sandwich Bread,12,960
2026-01-20,Cups,9,45
2026-01-20,Straws,5,10
2026-01-20,Napkins,10,30
2026-01-20,Ice,4,200
2026-01-20,Mint,13,3900
2026-01-21,Mango,11,5500
2026-01-21,Orange,11,2200
2026-01-21,Lemon,9,1350
2026-01-21,Watermelon,5,500
2026-01-21,Coffee Beans,14,35000
2026-01-21,Milk,9,1620
2026-01-21,Sugar,14,1680
2026-01-21,Green Tea,8,6400
2026-01-21,Croissant,5,750
2026-01-21,Sandwich Bread,3,240
2026-01-21,Cups,3,15
2026-01-21,Straws,12,24
2026-01-21,Napkins,8,24
2026-01-21,Ice,7,350
2026-01-21,Mint,8,2400
2026-01-22,Mango,8,4000
2026-01-22,Orange,9,1800
2026-01-22,Lemon,15,2250
2026-01-22,Watermelon,13,1300
2026-01-22,Coffee Beans,2,5000
2026-01-22,Milk,12,2160
2026-01-22,Sugar,12,1440
2026-01-22,Green Tea,12,9600
2026-01-22,Croissant,3,450
2026-01-22,Sandwich Bread,2,160
2026-01-22,Cups,8,40
2026-01-22,Straws,13,26
2026-01-22,Napkins,7,21
2026-01-22,Ice,14,700
2026-01-22,Mint,15,4500
2026-01-23,Mango,3,1500
2026-01-23,Orange,5,1000
2026-01-23,Lemon,5,750
2026-01-23,Watermelon,5,500
2026-01-23,Coffee Beans,10,25000
2026-01-23,Milk,9,1620
2026-01-23,Sugar,4,480
2026-01-23,Green Tea,8,6400
2026-01-23,Croissant,4,600
2026-01-23,Sandwich Bread,6,480
2026-01-23,Cups,9,45
2026-01-23,Straws,5,10
2026-01-23,Napkins,15,45
2026-01-23,Ice,3,150
2026-01-23,Mint,9,2700
2026-01-24,Mango,19,9500
2026-01-24,Orange,21,4200
2026-01-24,Lemon,21,3150
2026-01-24,Watermelon,14,1400
2026-01-24,Coffee Beans,4,10000
2026-01-24,Milk,2,360
2026-01-24,Sugar,16,1920
2026-01-24,Green Tea,14,11200
2026-01-24,Croissant,21,3150
2026-01-24,Sandwich Bread,2,160
2026-01-24,Cups,4,20
2026-01-24,Straws,19,38
2026-01-24,Napkins,21,63
2026-01-24,Ice,7,350
2026-01-24,Mint,5,1500
2026-01-25,Mango,11,5500
2026-01-25,Orange,12,2400
2026-01-25,Lemon,12,1800
2026-01-25,Watermelon,7,700
2026-01-25,Coffee Beans,21,52500
2026-01-25,Milk,11,1980
2026-01-25,Sugar,2,240
2026-01-25,Green Tea,5,4000
2026-01-25,Croissant,11,1650
2026-01-25,Sandwich Bread,2,160
2026-01-25,Cups,11,55
2026-01-25,Straws,8,16
2026-01-25,Napkins,19,57
2026-01-25,Ice,19,950
2026-01-25,Mint,12,3600
2026-01-26,Mango,6,3000
2026-01-26,Orange,8,1600
2026-01-26,Lemon,13,1950
2026-01-26,Watermelon,13,1300
2026-01-26,Coffee Beans,14,35000
2026-01-26,Milk,10,1800
2026-01-26,Sugar,12,1440
2026-01-26,Green Tea,13,10400
2026-01-26,Croissant,9,1350
2026-01-26,Sandwich Bread,4,320
2026-01-26,Cups,5,25
2026-01-26,Straws,6,12
2026-01-26,Napkins,5,15
2026-01-26,Ice,2,100
2026-01-26,Mint,11,3300
2026-01-27,Mango,13,6500
2026-01-27,Orange,10,2000
2026-01-27,Lemon,2,300
2026-01-27,Watermelon,13,1300
2026-01-27,Coffee Beans,7,17500
2026-01-27,Milk,2,360
2026-01-27,Sugar,2,240
2026-01-27,Green Tea,11,8800
2026-01-27,Croissant,9,1350
2026-01-27,Sandwich Bread,10,800
2026-01-27,Cups,15,75
2026-01-27,Straws,10,20
2026-01-27,Napkins,4,12
2026-01-27,Ice,2,100
2026-01-27,Mint,10,3000
2026-01-28,Mango,3,1500
2026-01-28,Orange,15,3000
2026-01-28,Lemon,4,600
2026-01-28,Watermelon,3,300
2026-01-28,Coffee Beans,11,27500
2026-01-28,Milk,3,540
2026-01-28,Sugar,12,1440
2026-01-28,Green Tea,15,12000
2026-01-28,Croissant,5,750
2026-01-28,Sandwich Bread,8,640
2026-01-28,Cups,3,15
2026-01-28,Straws,11,22
2026-01-28,Napkins,5,15
2026-01-28,Ice,11,550
2026-01-28,Mint,11,3300
2026-01-29,Mango,2,1000
2026-01-29,Orange,11,2200
2026-01-29,Lemon,3,450
2026-01-29,Watermelon,8,800
2026-01-29,Coffee Beans,12,30000
2026-01-29,Milk,11,1980
2026-01-29,Sugar,11,1320
2026-01-29,Green Tea,10,8000
2026-01-29,Croissant,7,1050
2026-01-29,Sandwich Bread,6,480
2026-01-29,Cups,5,25
2026-01-29,Straws,12,24
2026-01-29,Napkins,13,39
2026-01-29,Ice,7,350
2026-01-29,Mint,5,1500
2026-01-30,Mango,6,3000
2026-01-30,Orange,8,1600
2026-01-30,Lemon,4,600
2026-01-30,Watermelon,12,1200
2026-01-30,Coffee Beans,12,30000
2026-01-30,Milk,6,1080
2026-01-30,Sugar,9,1080
2026-01-30,Green Tea,7,5600
2026-01-30,Croissant,14,2100
2026-01-30,Sandwich Bread,3,240
2026-01-30,Cups,2,10
2026-01-30,Straws,9,18
2026-01-30,Napkins,11,33
2026-01-30,Ice,11,550
2026-01-30,Mint,3,900
2026-01-31,Mango,4,2000
2026-01-31,Orange,14,2800
2026-01-31,Lemon,7,1050
2026-01-31,Watermelon,14,1400
2026-01-31,Coffee Beans,8,20000
2026-01-31,Milk,5,900
2026-01-31,Sugar,9,1080
2026-01-31,Green Tea,4,3200
2026-01-31,Croissant,7,1050
2026-01-31,Sandwich Bread,9,720
2026-01-31,Cups,8,40
2026-01-31,Straws,5,10
2026-01-31,Napkins,12,36
2026-01-31,Ice,21,1050
2026-01-31,Mint,14,4200
2026-02-01,Mango,18,9000
2026-02-01,Orange,8,1600
2026-02-01,Lemon,15,2250
2026-02-01,Watermelon,19,1900
2026-02-01,Coffee Beans,16,40000
2026-02-01,Milk,14,2520
2026-02-01,Sugar,2,240
2026-02-01,Green Tea,16,12800
2026-02-01,Croissant,21,3150
2026-02-01,Sandwich Bread,14,1120
2026-02-01,Cups,8,40
2026-02-01,Straws,16,32
2026-02-01,Napkins,4,12
2026-02-01,Ice,5,250
2026-02-01,Mint,8,2400
2026-02-02,Mango,3,1500
2026-02-02,Orange,3,600
2026-02-02,Lemon,13,1950
2026-02-02,Watermelon,10,1000
2026-02-02,Coffee Beans,4,10000
2026-02-02,Milk,6,1080
2026-02-02,Sugar,6,720
2026-02-02,Green Tea,11,8800
2026-02-02,Croissant,5,750
2026-02-02,Sandwich Bread,13,1040
2026-02-02,Cups,7,35
2026-02-02,Straws,5,10
2026-02-02,Napkins,12,36
2026-02-02,Ice,12,600
2026-02-02,Mint,15,4500
2026-02-03,Mango,6,3000
2026-02-03,Orange,10,2000
2026-02-03,Lemon,9,1350
2026-02-03,Watermelon,6,600
2026-02-03,Coffee Beans,15,37500
2026-02-03,Milk,2,360
2026-02-03,Sugar,3,360
2026-02-03,Green Tea,12,9600
2026-02-03,Croissant,8,1200
2026-02-03,Sandwich Bread,15,1200
2026-02-03,Cups,6,30
2026-02-03,Straws,2,4
2026-02-03,Napkins,2,6
2026-02-03,Ice,7,350
2026-02-03,Mint,14,4200
2026-02-04,Mango,4,2000
2026-02-04,Orange,12,2400
2026-02-04,Lemon,6,900
2026-02-04,Watermelon,4,400
2026-02-04,Coffee Beans,13,32500
2026-02-04,Milk,9,1620
2026-02-04,Sugar,10,1200
2026-02-04,Green Tea,13,10400
2026-02-04,Croissant,8,1200
2026-02-04,Sandwich Bread,10,800
2026-02-04,Cups,2,10
2026-02-04,Straws,3,6
2026-02-04,Napkins,3,9
2026-02-04,Ice,13,650
2026-02-04,Mint,4,1200
2026-02-05,Mango,10,5000
2026-02-05,Orange,2,400
2026-02-05,Lemon,15,2250
2026-02-05,Watermelon,7,700
2026-02-05,Coffee Beans,11,27500
2026-02-05,Milk,10,1800
2026-02-05,Sugar,4,480
2026-02-05,Green Tea,8,6400
2026-02-05,Croissant,4,600
2026-02-05,Sandwich Bread,2,160
2026-02-05,Cups,6,30
2026-02-05,Straws,7,14
2026-02-05,Napkins,14,42
2026-02-05,Ice,15,750
2026-02-05,Mint,2,600
2026-02-06,Mango,7,3500
2026-02-06,Orange,5,1000
2026-02-06,Lemon,12,1800
2026-02-06,Watermelon,5,500
2026-02-06,Coffee Beans,12,30000
2026-02-06,Milk,3,540
2026-02-06,Sugar,7,840
2026-02-06,Green Tea,14,11200
2026-02-06,Croissant,10,1500
2026-02-06,Sandwich Bread,15,1200
2026-02-06,Cups,8,40
2026-02-06,Straws,11,22
2026-02-06,Napkins,13,39
2026-02-06,Ice,4,200
2026-02-06,Mint,5,1500
2026-02-07,Mango,21,10500
2026-02-07,Orange,5,1000
2026-02-07,Lemon,19,2850
2026-02-07,Watermelon,19,1900
2026-02-07,Coffee Beans,5,12500
2026-02-07,Milk,11,1980
2026-02-07,Sugar,2,240
2026-02-07,Green Tea,5,4000
2026-02-07,Croissant,18,2700
2026-02-07,Sandwich Bread,9,720
2026-02-07,Cups,19,95
2026-02-07,Straws,11,22
2026-02-07,Napkins,19,57
2026-02-07,Ice,16,800
2026-02-07,Mint,21,6300
2026-02-08,Mango,18,9000
2026-02-08,Orange,19,3800
2026-02-08,Lemon,7,1050
2026-02-08,Watermelon,8,800
2026-02-08,Coffee Beans,5,12500
2026-02-08,Milk,19,3420
2026-02-08,Sugar,18,2160
2026-02-08,Green Tea,4,3200
2026-02-08,Croissant,11,1650
2026-02-08,Sandwich Bread,21,1680
2026-02-08,Cups,2,10
2026-02-08,Straws,21,42
2026-02-08,Napkins,12,36
2026-02-08,Ice,7,350
2026-02-08,Mint,7,2100
2026-02-09,Mango,15,7500
2026-02-09,Orange,9,1800
2026-02-09,Lemon,7,1050
2026-02-09,Watermelon,6,600
2026-02-09,Coffee Beans,15,37500
2026-02-09,Milk,14,2520
2026-02-09,Sugar,15,1800
2026-02-09,Green Tea,5,4000
2026-02-09,Croissant,5,750
2026-02-09,Sandwich Bread,2,160
2026-02-09,Cups,12,60
2026-02-09,Straws,5,10
2026-02-09,Napkins,8,24
2026-02-09,Ice,7,350
2026-02-09,Mint,6,1800
2026-02-10,Mango,15,7500
2026-02-10,Orange,3,600
2026-02-10,Lemon,14,2100
2026-02-10,Watermelon,6,600
2026-02-10,Coffee Beans,7,17500
2026-02-10,Milk,12,2160
2026-02-10,Sugar,10,1200
2026-02-10,Green Tea,8,6400
2026-02-10,Croissant,12,1800
2026-02-10,Sandwich Bread,15,1200
2026-02-10,Cups,10,50
2026-02-10,Straws,7,14
2026-02-10,Napkins,2,6
2026-02-10,Ice,3,150
2026-02-10,Mint,6,1800
2026-02-11,Mango,4,2000
2026-02-11,Orange,11,2200
2026-02-11,Lemon,6,900
2026-02-11,Watermelon,2,200
2026-02-11,Coffee Beans,3,7500
2026-02-11,Milk,11,1980
2026-02-11,Sugar,8,960
2026-02-11,Green Tea,7,5600
2026-02-11,Croissant,13,1950
2026-02-11,Sandwich Bread,14,1120
2026-02-11,Cups,7,35
2026-02-11,Straws,8,16
2026-02-11,Napkins,11,33
2026-02-11,Ice,10,500
2026-02-11,Mint,3,900
2026-02-12,Mango,8,4000
2026-02-12,Orange,11,2200
2026-02-12,Lemon,5,750
2026-02-12,Watermelon,6,600
2026-02-12,Coffee Beans,2,5000
2026-02-12,Milk,13,2340
2026-02-12,Sugar,8,960
2026-02-12,Green Tea,2,1600
2026-02-12,Croissant,10,1500
2026-02-12,Sandwich Bread,14,1120
2026-02-12,Cups,10,50
2026-02-12,Straws,12,24
2026-02-12,Napkins,13,39
2026-02-12,Ice,13,650
2026-02-12,Mint,13,3900
2026-02-13,Mango,12,6000
2026-02-13,Orange,5,1000
2026-02-13,Lemon,7,1050
2026-02-13,Watermelon,8,800
2026-02-13,Coffee Beans,3,7500
2026-02-13,Milk,12,2160
2026-02-13,Sugar,7,840
2026-02-13,Green Tea,11,8800
2026-02-13,Croissant,7,1050
2026-02-13,Sandwich Bread,12,960
2026-02-13,Cups,15,75
2026-02-13,Straws,3,6
2026-02-13,Napkins,13,39
2026-02-13,Ice,6,300
2026-02-13,Mint,10,3000
2026-02-14,Mango,8,4000
2026-02-14,Orange,16,3200
2026-02-14,Lemon,11,1650
2026-02-14,Watermelon,9,900
2026-02-14,Coffee Beans,11,27500
2026-02-14,Milk,18,3240
2026-02-14,Sugar,8,960
2026-02-14,Green Tea,14,11200
2026-02-14,Croissant,5,750
2026-02-14,Sandwich Bread,7,560
2026-02-14,Cups,11,55
2026-02-14,Straws,16,32
2026-02-14,Napkins,11,33
2026-02-14,Ice,16,800
2026-02-14,Mint,18,5400
2026-02-15,Mango,5,2500
2026-02-15,Orange,15,3000
2026-02-15,Lemon,15,2250
2026-02-15,Watermelon,8,800
2026-02-15,Coffee Beans,11,27500
2026-02-15,Milk,14,2520
2026-02-15,Sugar,21,2520
2026-02-15,Green Tea,2,1600
2026-02-15,Croissant,8,1200
2026-02-15,Sandwich Bread,8,640
2026-02-15,Cups,7,35
2026-02-15,Straws,11,22
2026-02-15,Napkins,19,57
2026-02-15,Ice,15,750
2026-02-15,Mint,15,4500
2026-02-16,Mango,12,6000
2026-02-16,Orange,7,1400
2026-02-16,Lemon,9,1350
2026-02-16,Watermelon,9,900
2026-02-16,Coffee Beans,9,22500
2026-02-16,Milk,12,2160
2026-02-16,Sugar,5,600
2026-02-16,Green Tea,10,8000
2026-02-16,Croissant,9,1350
2026-02-16,Sandwich Bread,14,1120
2026-02-16,Cups,14,70
2026-02-16,Straws,13,26
2026-02-16,Napkins,4,12
2026-02-16,Ice,12,600
2026-02-16,Mint,3,900
2026-02-17,Mango,6,3000
2026-02-17,Orange,10,2000
2026-02-17,Lemon,12,1800
2026-02-17,Watermelon,12,1200
2026-02-17,Coffee Beans,11,27500
2026-02-17,Milk,7,1260
2026-02-17,Sugar,3,360
2026-02-17,Green Tea,15,12000
2026-02-17,Croissant,14,2100
2026-02-17,Sandwich Bread,5,400
2026-02-17,Cups,12,60
2026-02-17,Straws,6,12
2026-02-17,Napkins,5,15
2026-02-17,Ice,14,700
2026-02-17,Mint,5,1500
2026-02-18,Mango,4,2000
2026-02-18,Orange,2,400
2026-02-18,Lemon,2,300
2026-02-18,Watermelon,5,500
2026-02-18,Coffee Beans,9,22500
2026-02-18,Milk,11,1980
2026-02-18,Sugar,15,1800
2026-02-18,Green Tea,14,11200
2026-02-18,Croissant,3,450
2026-02-18,Sandwich Bread,9,720
2026-02-18,Cups,8,40
2026-02-18,Straws,12,24
2026-02-18,Napkins,11,33
2026-02-18,Ice,5,250
2026-02-18,Mint,13,3900
2026-02-19,Mango,13,6500
2026-02-19,Orange,8,1600
2026-02-19,Lemon,9,1350
2026-02-19,Watermelon,8,800
2026-02-19,Coffee Beans,5,12500
2026-02-19,Milk,4,720
2026-02-19,Sugar,12,1440
2026-02-19,Green Tea,13,10400
2026-02-19,Croissant,2,300
2026-02-19,Sandwich Bread,14,1120
2026-02-19,Cups,15,75
2026-02-19,Straws,14,28
2026-02-19,Napkins,3,9
2026-02-19,Ice,14,700
2026-02-19,Mint,8,2400
2026-02-20,Mango,5,2500
2026-02-20,Orange,4,800
2026-02-20,Lemon,14,2100
2026-02-20,Watermelon,13,1300
2026-02-20,Coffee Beans,10,25000
2026-02-20,Milk,9,1620
2026-02-20,Sugar,2,240
2026-02-20,Green Tea,10,8000
2026-02-20,Croissant,5,750
2026-02-20,Sandwich Bread,15,1200
2026-02-20,Cups,3,15
2026-02-20,Straws,9,18
2026-02-20,Napkins,4,12
2026-02-20,Ice,14,700
2026-02-20,Mint,9,2700
2026-02-21,Mango,16,8000
2026-02-21,Orange,14,2800
2026-02-21,Lemon,14,2100
2026-02-21,Watermelon,15,1500
2026-02-21,Coffee Beans,9,22500
2026-02-21,Milk,19,3420
2026-02-21,Sugar,12,1440
2026-02-21,Green Tea,15,12000
2026-02-21,Croissant,21,3150
2026-02-21,Sandwich Bread,18,1440
2026-02-21,Cups,14,70
2026-02-21,Straws,11,22
2026-02-21,Napkins,21,63
2026-02-21,Ice,14,700
2026-02-21,Mint,12,3600
2026-02-22,Mango,5,2500
2026-02-22,Orange,18,3600
2026-02-22,Lemon,21,3150
2026-02-22,Watermelon,12,1200
2026-02-22,Coffee Beans,12,30000
2026-02-22,Milk,8,1440
2026-02-22,Sugar,19,2280
2026-02-22,Green Tea,7,5600
2026-02-22,Croissant,21,3150
2026-02-22,Sandwich Bread,16,1280
2026-02-22,Cups,8,40
2026-02-22,Straws,19,38
2026-02-22,Napkins,19,57
2026-02-22,Ice,14,700
2026-02-22,Mint,12,3600
2026-02-23,Mango,12,6000
2026-02-23,Orange,5,1000
2026-02-23,Lemon,6,900
2026-02-23,Watermelon,9,900
2026-02-23,Coffee Beans,3,7500
2026-02-23,Milk,13,2340
2026-02-23,Sugar,6,720
2026-02-23,Green Tea,5,4000
2026-02-23,Croissant,6,900
2026-02-23,Sandwich Bread,7,560
2026-02-23,Cups,7,35
2026-02-23,Straws,10,20
2026-02-23,Napkins,3,9
2026-02-23,Ice,4,200
2026-02-23,Mint,4,1200
2026-02-24,Mango,5,2500
2026-02-24,Orange,8,1600
2026-02-24,Lemon,13,1950
2026-02-24,Watermelon,4,400
2026-02-24,Coffee Beans,13,32500
2026-02-24,Milk,5,900
2026-02-24,Sugar,3,360
2026-02-24,Green Tea,8,6400
2026-02-24,Croissant,8,1200
2026-02-24,Sandwich Bread,7,560
2026-02-24,Cups,10,50
2026-02-24,Straws,9,18
2026-02-24,Napkins,8,24
2026-02-24,Ice,2,100
2026-02-24,Mint,5,1500
2026-02-25,Mango,15,7500
2026-02-25,Orange,8,1600
2026-02-25,Lemon,8,1200
2026-02-25,Watermelon,14,1400
2026-02-25,Coffee Beans,11,27500
2026-02-25,Milk,13,2340
2026-02-25,Sugar,2,240
2026-02-25,Green Tea,15,12000
2026-02-25,Croissant,14,2100
2026-02-25,Sandwich Bread,11,880
2026-02-25,Cups,8,40
2026-02-25,Straws,9,18
2026-02-25,Napkins,2,6
2026-02-25,Ice,7,350
2026-02-25,Mint,6,1800
2026-02-26,Mango,14,7000
2026-02-26,Orange,8,1600
2026-02-26,Lemon,15,2250
2026-02-26,Watermelon,15,1500
2026-02-26,Coffee Beans,8,20000
2026-02-26,Milk,10,1800
2026-02-26,Sugar,13,1560
2026-02-26,Green Tea,13,10400
2026-02-26,Croissant,10,1500
2026-02-26,Sandwich Bread,14,1120
2026-02-26,Cups,11,55
2026-02-26,Straws,5,10
2026-02-26,Napkins,9,27
2026-02-26,Ice,5,250
2026-02-26,Mint,6,1800
2026-02-27,Mango,8,4000
2026-02-27,Orange,9,1800
2026-02-27,Lemon,2,300
2026-02-27,Watermelon,8,800
2026-02-27,Coffee Beans,7,17500
2026-02-27,Milk,12,2160
2026-02-27,Sugar,12,1440
2026-02-27,Green Tea,14,11200
2026-02-27,Croissant,8,1200
2026-02-27,Sandwich Bread,13,1040
2026-02-27,Cups,4,20
2026-02-27,Straws,15,30
2026-02-27,Napkins,9,27
2026-02-27,Ice,4,200
2026-02-27,Mint,11,3300
2026-02-28,Mango,14,7000
2026-02-28,Orange,2,400
2026-02-28,Lemon,11,1650
2026-02-28,Watermelon,15,1500
2026-02-28,Coffee Beans,15,37500
2026-02-28,Milk,16,2880
2026-02-28,Sugar,2,240
2026-02-28,Green Tea,4,3200
2026-02-28,Croissant,16,2400
2026-02-28,Sandwich Bread,11,880
2026-02-28,Cups,5,25
2026-02-28,Straws,21,42
2026-02-28,Napkins,12,36
2026-02-28,Ice,5,250
2026-02-28,Mint,2,600
2026-03-01,Mango,8,4000
2026-03-01,Orange,11,2200
2026-03-01,Lemon,9,1350
2026-03-01,Watermelon,7,700
2026-03-01,Coffee Beans,12,30000
2026-03-01,Milk,9,1620
2026-03-01,Sugar,9,1080
2026-03-01,Green Tea,19,15200
2026-03-01,Croissant,11,1650
2026-03-01,Sandwich Bread,8,640
2026-03-01,Cups,19,95
2026-03-01,Straws,21,42
2026-03-01,Napkins,11,33
2026-03-01,Ice,8,400
2026-03-01,Mint,21,6300
2026-03-02,Mango,3,1500
2026-03-02,Orange,9,1800
2026-03-02,Lemon,2,300
2026-03-02,Watermelon,13,1300
2026-03-02,Coffee Beans,10,25000
2026-03-02,Milk,2,360
2026-03-02,Sugar,7,840
2026-03-02,Green Tea,5,4000
2026-03-02,Croissant,12,1800
2026-03-02,Sandwich Bread,3,240
2026-03-02,Cups,14,70
2026-03-02,Straws,12,24
2026-03-02,Napkins,2,6
2026-03-02,Ice,14,700
2026-03-02,Mint,2,600
2026-03-03,Mango,5,2500
2026-03-03,Orange,5,1000
2026-03-03,Lemon,15,2250
2026-03-03,Watermelon,2,200
2026-03-03,Coffee Beans,11,27500
2026-03-03,Milk,4,720
2026-03-03,Sugar,5,600
2026-03-03,Green Tea,4,3200
2026-03-03,Croissant,9,1350
2026-03-03,Sandwich Bread,12,960
2026-03-03,Cups,3,15
2026-03-03,Straws,11,22
2026-03-03,Napkins,5,15
2026-03-03,Ice,9,450
2026-03-03,Mint,13,3900
2026-03-04,Mango,6,3000
2026-03-04,Orange,14,2800
2026-03-04,Lemon,7,1050
2026-03-04,Watermelon,4,400
2026-03-04,Coffee Beans,11,27500
2026-03-04,Milk,11,1980
2026-03-04,Sugar,13,1560
2026-03-04,Green Tea,13,10400
2026-03-04,Croissant,3,450
2026-03-04,Sandwich Bread,14,1120
2026-03-04,Cups,15,75
2026-03-04,Straws,4,8
2026-03-04,Napkins,6,18
2026-03-04,Ice,3,150
2026-03-04,Mint,11,3300
2026-03-05,Mango,2,1000
2026-03-05,Orange,6,1200
2026-03-05,Lemon,11,1650
2026-03-05,Watermelon,12,1200
2026-03-05,Coffee Beans,8,20000
2026-03-05,Milk,8,1440
2026-03-05,Sugar,13,1560
2026-03-05,Green Tea,5,4000
2026-03-05,Croissant,3,450
2026-03-05,Sandwich Bread,11,880
2026-03-05,Cups,13,65
2026-03-05,Straws,15,30
2026-03-05,Napkins,12,36
2026-03-05,Ice,5,250
2026-03-05,Mint,3,900
2026-03-06,Mango,13,6500
2026-03-06,Orange,14,2800
2026-03-06,Lemon,6,900
2026-03-06,Watermelon,15,1500
2026-03-06,Coffee Beans,12,30000
2026-03-06,Milk,11,1980
2026-03-06,Sugar,14,1680
2026-03-06,Green Tea,3,2400
2026-03-06,Croissant,14,2100
2026-03-06,Sandwich Bread,11,880
2026-03-06,Cups,14,70
2026-03-06,Straws,2,4
2026-03-06,Napkins,7,21
2026-03-06,Ice,10,500
2026-03-06,Mint,8,2400
2026-03-07,Mango,16,8000
2026-03-07,Orange,9,1800
2026-03-07,Lemon,4,600
2026-03-07,Watermelon,14,1400
2026-03-07,Coffee Beans,16,40000
2026-03-07,Milk,9,1620
2026-03-07,Sugar,2,240
2026-03-07,Green Tea,21,16800
2026-03-07,Croissant,11,1650
2026-03-07,Sandwich Bread,21,1680
2026-03-07,Cups,12,60
2026-03-07,Straws,4,8
2026-03-07,Napkins,11,33
2026-03-07,Ice,9,450
2026-03-07,Mint,16,4800
2026-03-08,Mango,21,10500
2026-03-08,Orange,12,2400
2026-03-08,Lemon,18,2700
2026-03-08,Watermelon,5,500
2026-03-08,Coffee Beans,11,27500
2026-03-08,Milk,5,900
2026-03-08,Sugar,18,2160
2026-03-08,Green Tea,14,11200
2026-03-08,Croissant,16,2400
2026-03-08,Sandwich Bread,8,640
2026-03-08,Cups,15,75
2026-03-08,Straws,19,38
2026-03-08,Napkins,14,42
2026-03-08,Ice,19,950
2026-03-08,Mint,12,3600
2026-03-09,Mango,9,4500
2026-03-09,Orange,8,1600
2026-03-09,Lemon,15,2250
2026-03-09,Watermelon,13,1300
2026-03-09,Coffee Beans,11,27500
2026-03-09,Milk,6,1080
2026-03-09,Sugar,7,840
2026-03-09,Green Tea,15,12000
2026-03-09,Croissant,5,750
2026-03-09,Sandwich Bread,15,1200
2026-03-09,Cups,3,15
2026-03-09,Straws,6,12
2026-03-09,Napkins,9,27
2026-03-09,Ice,5,250
2026-03-09,Mint,14,4200
2026-03-10,Mango,9,4500
2026-03-10,Orange,11,2200
2026-03-10,Lemon,11,1650
2026-03-10,Watermelon,12,1200
2026-03-10,Coffee Beans,8,20000
2026-03-10,Milk,7,1260
2026-03-10,Sugar,2,240
2026-03-10,Green Tea,9,7200
2026-03-10,Croissant,15,2250
2026-03-10,Sandwich Bread,7,560
2026-03-10,Cups,4,20
2026-03-10,Straws,9,18
2026-03-10,Napkins,5,15
2026-03-10,Ice,7,350
2026-03-10,Mint,14,4200
2026-03-11,Mango,6,3000
2026-03-11,Orange,7,1400
2026-03-11,Lemon,6,900
2026-03-11,Watermelon,11,1100
2026-03-11,Coffee Beans,13,32500
2026-03-11,Milk,6,1080
2026-03-11,Sugar,10,1200
2026-03-11,Green Tea,2,1600
2026-03-11,Croissant,10,1500
2026-03-11,Sandwich Bread,5,400
2026-03-11,Cups,3,15
2026-03-11,Straws,5,10
2026-03-11,Napkins,13,39
2026-03-11,Ice,8,400
2026-03-11,Mint,9,2700
2026-03-12,Mango,10,5000
2026-03-12,Orange,14,2800
2026-03-12,Lemon,5,750
2026-03-12,Watermelon,13,1300
2026-03-12,Coffee Beans,9,22500
2026-03-12,Milk,12,2160
2026-03-12,Sugar,13,1560
2026-03-12,Green Tea,9,7200
2026-03-12,Croissant,9,1350
2026-03-12,Sandwich Bread,14,1120
2026-03-12,Cups,2,10
2026-03-12,Straws,3,6
2026-03-12,Napkins,6,18
2026-03-12,Ice,5,250
2026-03-12,Mint,8,2400
2026-03-13,Mango,13,6500
2026-03-13,Orange,5,1000
2026-03-13,Lemon,6,900
2026-03-13,Watermelon,12,1200
2026-03-13,Coffee Beans,11,27500
2026-03-13,Milk,7,1260
2026-03-13,Sugar,9,1080
2026-03-13,Green Tea,10,8000
2026-03-13,Croissant,10,1500
2026-03-13,Sandwich Bread,7,560
2026-03-13,Cups,8,40
2026-03-13,Straws,13,26
2026-03-13,Napkins,10,30
2026-03-13,Ice,7,350
2026-03-13,Mint,7,2100
2026-03-14,Mango,18,9000
2026-03-14,Orange,12,2400
2026-03-14,Lemon,8,1200
2026-03-14,Watermelon,8,800
2026-03-14,Coffee Beans,8,20000
2026-03-14,Milk,7,1260
2026-03-14,Sugar,4,480
2026-03-14,Green Tea,18,14400
2026-03-14,Croissant,7,1050
2026-03-14,Sandwich Bread,9,720
2026-03-14,Cups,4,20
2026-03-14,Straws,18,36
2026-03-14,Napkins,14,42
2026-03-14,Ice,19,950
2026-03-14,Mint,18,5400
2026-03-15,Mango,5,2500
2026-03-15,Orange,7,1400
2026-03-15,Lemon,7,1050
2026-03-15,Watermelon,18,1800
2026-03-15,Coffee Beans,12,30000
2026-03-15,Milk,8,1440
2026-03-15,Sugar,18,2160
2026-03-15,Green Tea,15,12000
2026-03-15,Croissant,19,2850
2026-03-15,Sandwich Bread,14,1120
2026-03-15,Cups,15,75
2026-03-15,Straws,8,16
2026-03-15,Napkins,4,12
2026-03-15,Ice,21,1050
2026-03-15,Mint,7,2100
2026-03-16,Mango,6,3000
2026-03-16,Orange,5,1000
2026-03-16,Lemon,7,1050
2026-03-16,Watermelon,4,400
2026-03-16,Coffee Beans,6,15000
2026-03-16,Milk,2,360
2026-03-16,Sugar,13,1560
2026-03-16,Green Tea,10,8000
2026-03-16,Croissant,4,600
2026-03-16,Sandwich Bread,6,480
2026-03-16,Cups,2,10
2026-03-16,Straws,2,4
2026-03-16,Napkins,10,30
2026-03-16,Ice,6,300
2026-03-16,Mint,13,3900
2026-03-17,Mango,4,2000
2026-03-17,Orange,12,2400
2026-03-17,Lemon,15,2250
2026-03-17,Watermelon,14,1400
2026-03-17,Coffee Beans,9,22500
2026-03-17,Milk,3,540
2026-03-17,Sugar,15,1800
2026-03-17,Green Tea,2,1600
2026-03-17,Croissant,11,1650
2026-03-17,Sandwich Bread,6,480
2026-03-17,Cups,9,45
2026-03-17,Straws,9,18
2026-03-17,Napkins,9,27
2026-03-17,Ice,7,350
2026-03-17,Mint,4,1200
2026-03-18,Mango,2,1000
2026-03-18,Orange,6,1200
2026-03-18,Lemon,15,2250
2026-03-18,Watermelon,9,900
2026-03-18,Coffee Beans,3,7500
2026-03-18,Milk,15,2700
2026-03-18,Sugar,3,360
2026-03-18,Green Tea,8,6400
2026-03-18,Croissant,9,1350
2026-03-18,Sandwich Bread,3,240
2026-03-18,Cups,11,55
2026-03-18,Straws,12,24
2026-03-18,Napkins,12,36
2026-03-18,Ice,2,100
2026-03-18,Mint,4,1200
2026-03-19,Mango,4,2000
2026-03-19,Orange,14,2800
2026-03-19,Lemon,11,1650
2026-03-19,Watermelon,6,600
2026-03-19,Coffee Beans,3,7500
2026-03-19,Milk,5,900
2026-03-19,Sugar,3,360
2026-03-19,Green Tea,10,8000
2026-03-19,Croissant,14,2100
2026-03-19,Sandwich Bread,8,640
2026-03-19,Cups,11,55
2026-03-19,Straws,11,22
2026-03-19,Napkins,14,42
2026-03-19,Ice,11,550
2026-03-19,Mint,5,1500
2026-03-20,Mango,14,7000
2026-03-20,Orange,10,2000
2026-03-20,Lemon,8,1200
2026-03-20,Watermelon,9,900
2026-03-20,Coffee Beans,9,22500
2026-03-20,Milk,6,1080
2026-03-20,Sugar,15,1800
2026-03-20,Green Tea,11,8800
2026-03-20,Croissant,8,1200
2026-03-20,Sandwich Bread,6,480
2026-03-20,Cups,11,55
2026-03-20,Straws,11,22
2026-03-20,Napkins,2,6
2026-03-20,Ice,11,550
2026-03-20,Mint,13,3900
2026-03-21,Mango,4,2000
2026-03-21,Orange,19,3800
2026-03-21,Lemon,7,1050
2026-03-21,Watermelon,16,1600
2026-03-21,Coffee Beans,7,17500
2026-03-21,Milk,8,1440
2026-03-21,Sugar,16,1920
2026-03-21,Green Tea,4,3200
2026-03-21,Croissant,5,750
2026-03-21,Sandwich Bread,7,560
2026-03-21,Cups,5,25
2026-03-21,Straws,14,28
2026-03-21,Napkins,4,12
2026-03-21,Ice,5,250
2026-03-21,Mint,2,600
2026-03-22,Mango,11,5500
2026-03-22,Orange,12,2400
2026-03-22,Lemon,18,2700
2026-03-22,Watermelon,15,1500
2026-03-22,Coffee Beans,12,30000
2026-03-22,Milk,8,1440
2026-03-22,Sugar,2,240
2026-03-22,Green Tea,7,5600
2026-03-22,Croissant,8,1200
2026-03-22,Sandwich Bread,18,1440
2026-03-22,Cups,8,40
2026-03-22,Straws,18,36
2026-03-22,Napkins,21,63
2026-03-22,Ice,12,600
2026-03-22,Mint,4,1200
2026-03-23,Mango,12,6000
2026-03-23,Orange,5,1000
2026-03-23,Lemon,6,900
2026-03-23,Watermelon,14,1400
2026-03-23,Coffee Beans,14,35000
2026-03-23,Milk,12,2160
2026-03-23,Sugar,11,1320
2026-03-23,Green Tea,12,9600
2026-03-23,Croissant,14,2100
2026-03-23,Sandwich Bread,5,400
2026-03-23,Cups,8,40
2026-03-23,Straws,3,6
2026-03-23,Napkins,10,30
2026-03-23,Ice,5,250
2026-03-23,Mint,12,3600
2026-03-24,Mango,4,2000
2026-03-24,Orange,6,1200
2026-03-24,Lemon,15,2250
2026-03-24,Watermelon,4,400
2026-03-24,Coffee Beans,3,7500
2026-03-24,Milk,2,360
2026-03-24,Sugar,4,480
2026-03-24,Green Tea,14,11200
2026-03-24,Croissant,6,900
2026-03-24,Sandwich Bread,11,880
2026-03-24,Cups,13,65
2026-03-24,Straws,15,30
2026-03-24,Napkins,11,33
2026-03-24,Ice,6,300
2026-03-24,Mint,9,2700
2026-03-25,Mango,3,1500
2026-03-25,Orange,9,1800
2026-03-25,Lemon,13,1950
2026-03-25,Watermelon,6,600
2026-03-25,Coffee Beans,13,32500
2026-03-25,Milk,8,1440
2026-03-25,Sugar,6,720
2026-03-25,Green Tea,10,8000
2026-03-25,Croissant,10,1500
2026-03-25,Sandwich Bread,9,720
2026-03-25,Cups,9,45
2026-03-25,Straws,3,6
2026-03-25,Napkins,11,33
2026-03-25,Ice,2,100
2026-03-25,Mint,8,2400
2026-03-26,Mango,13,6500
2026-03-26,Orange,7,1400
2026-03-26,Lemon,11,1650
2026-03-26,Watermelon,6,600
2026-03-26,Coffee Beans,2,5000
2026-03-26,Milk,3,540
2026-03-26,Sugar,5,600
2026-03-26,Green Tea,12,9600
2026-03-26,Croissant,15,2250
2026-03-26,Sandwich Bread,15,1200
2026-03-26,Cups,11,55
2026-03-26,Straws,11,22
2026-03-26,Napkins,2,6
2026-03-26,Ice,14,700
2026-03-26,Mint,12,3600
2026-03-27,Mango,15,7500
2026-03-27,Orange,6,1200
2026-03-27,Lemon,11,1650
2026-03-27,Watermelon,2,200
2026-03-27,Coffee Beans,14,35000
2026-03-27,Milk,14,2520
2026-03-27,Sugar,4,480
2026-03-27,Green Tea,9,7200
2026-03-27,Croissant,10,1500
2026-03-27,Sandwich Bread,12,960
2026-03-27,Cups,9,45
2026-03-27,Straws,6,12
2026-03-27,Napkins,4,12
2026-03-27,Ice,11,550
2026-03-27,Mint,8,2400
2026-03-28,Mango,16,8000
2026-03-28,Orange,21,4200
2026-03-28,Lemon,12,1800
2026-03-28,Watermelon,4,400
2026-03-28,Coffee Beans,12,30000
2026-03-28,Milk,9,1620
2026-03-28,Sugar,11,1320
2026-03-28,Green Tea,9,7200
2026-03-28,Croissant,9,1350
2026-03-28,Sandwich Bread,16,1280
2026-03-28,Cups,4,20
2026-03-28,Straws,21,42
2026-03-28,Napkins,5,15
2026-03-28,Ice,9,450
2026-03-28,Mint,11,3300
2026-03-29,Mango,18,9000
2026-03-29,Orange,12,2400
2026-03-29,Lemon,8,1200
2026-03-29,Watermelon,16,1600
2026-03-29,Coffee Beans,11,27500
2026-03-29,Milk,21,3780
2026-03-29,Sugar,19,2280
2026-03-29,Green Tea,14,11200
2026-03-29,Croissant,2,300
2026-03-29,Sandwich Bread,12,960
2026-03-29,Cups,4,20
2026-03-29,Straws,9,18
2026-03-29,Napkins,8,24
2026-03-29,Ice,9,450
2026-03-29,Mint,4,1200
2026-03-30,Mango,14,7000
2026-03-30,Orange,8,1600
2026-03-30,Lemon,15,2250
2026-03-30,Watermelon,10,1000
2026-03-30,Coffee Beans,15,37500
2026-03-30,Milk,2,360
2026-03-30,Sugar,12,1440
2026-03-30,Green Tea,15,12000
2026-03-30,Croissant,10,1500
2026-03-30,Sandwich Bread,9,720
2026-03-30,Cups,8,40
2026-03-30,Straws,2,4
2026-03-30,Napkins,5,15
2026-03-30,Ice,10,500
2026-03-30,Mint,7,2100
2026-03-31,Mango,11,5500
2026-03-31,Orange,14,2800
2026-03-31,Lemon,9,1350
2026-03-31,Watermelon,12,1200
2026-03-31,Coffee Beans,9,22500
2026-03-31,Milk,14,2520
2026-03-31,Sugar,2,240
2026-03-31,Green Tea,5,4000
2026-03-31,Croissant,6,900
2026-03-31,Sandwich Bread,10,800
2026-03-31,Cups,4,20
2026-03-31,Straws,6,12
2026-03-31,Napkins,9,27
2026-03-31,Ice,13,650
2026-03-31,Mint,9,2700
2026-04-01,Mango,3,1500
2026-04-01,Orange,2,400
2026-04-01,Lemon,12,1800
2026-04-01,Watermelon,11,1100
2026-04-01,Coffee Beans,14,35000
2026-04-01,Milk,5,900
2026-04-01,Sugar,13,1560
2026-04-01,Green Tea,4,3200
2026-04-01,Croissant,6,900
2026-04-01,Sandwich Bread,10,800
2026-04-01,Cups,2,10
2026-04-01,Straws,10,20
2026-04-01,Napkins,8,24
2026-04-01,Ice,3,150
2026-04-01,Mint,5,1500
2026-04-02,Mango,15,7500
2026-04-02,Orange,3,600
2026-04-02,Lemon,9,1350
2026-04-02,Watermelon,3,300
2026-04-02,Coffee Beans,12,30000
2026-04-02,Milk,15,2700
2026-04-02,Sugar,4,480
2026-04-02,Green Tea,9,7200
2026-04-02,Croissant,13,1950
2026-04-02,Sandwich Bread,6,480
2026-04-02,Cups,10,50
2026-04-02,Straws,13,26
2026-04-02,Napkins,6,18
2026-04-02,Ice,8,400
2026-04-02,Mint,15,4500
2026-04-03,Mango,9,4500
2026-04-03,Orange,9,1800
2026-04-03,Lemon,5,750
2026-04-03,Watermelon,9,900
2026-04-03,Coffee Beans,10,25000
2026-04-03,Milk,4,720
2026-04-03,Sugar,8,960
2026-04-03,Green Tea,5,4000
2026-04-03,Croissant,11,1650
2026-04-03,Sandwich Bread,10,800
2026-04-03,Cups,13,65
2026-04-03,Straws,4,8
2026-04-03,Napkins,15,45
2026-04-03,Ice,3,150
2026-04-03,Mint,6,1800
2026-04-04,Mango,19,9500
2026-04-04,Orange,19,3800
2026-04-04,Lemon,21,3150
2026-04-04,Watermelon,11,1100
2026-04-04,Coffee Beans,9,22500
2026-04-04,Milk,19,3420
2026-04-04,Sugar,14,1680
2026-04-04,Green Tea,8,6400
2026-04-04,Croissant,21,3150
2026-04-04,Sandwich Bread,2,160
2026-04-04,Cups,8,40
2026-04-04,Straws,18,36
2026-04-04,Napkins,8,24
2026-04-04,Ice,21,1050
2026-04-04,Mint,15,4500
2026-04-05,Mango,15,7500
2026-04-05,Orange,16,3200
2026-04-05,Lemon,12,1800
2026-04-05,Watermelon,21,2100
2026-04-05,Coffee Beans,5,12500
2026-04-05,Milk,12,2160
2026-04-05,Sugar,14,1680
2026-04-05,Green Tea,12,9600
2026-04-05,Croissant,9,1350
2026-04-05,Sandwich Bread,9,720
2026-04-05,Cups,14,70
2026-04-05,Straws,19,38
2026-04-05,Napkins,14,42
2026-04-05,Ice,11,550
2026-04-05,Mint,12,3600
2026-04-06,Mango,7,3500
2026-04-06,Orange,15,3000
2026-04-06,Lemon,5,750
2026-04-06,Watermelon,13,1300
2026-04-06,Coffee Beans,5,12500
2026-04-06,Milk,11,1980
2026-04-06,Sugar,8,960
2026-04-06,Green Tea,5,4000
2026-04-06,Croissant,15,2250
2026-04-06,Sandwich Bread,14,1120
2026-04-06,Cups,8,40
2026-04-06,Straws,2,4
2026-04-06,Napkins,7,21
2026-04-06,Ice,13,650
2026-04-06,Mint,9,2700
2026-04-07,Mango,13,6500
2026-04-07,Orange,14,2800
2026-04-07,Lemon,8,1200
2026-04-07,Watermelon,8,800
2026-04-07,Coffee Beans,12,30000
2026-04-07,Milk,14,2520
2026-04-07,Sugar,15,1800
2026-04-07,Green Tea,12,9600
2026-04-07,Croissant,4,600
2026-04-07,Sandwich Bread,9,720
2026-04-07,Cups,2,10
2026-04-07,Straws,4,8
2026-04-07,Napkins,10,30
2026-04-07,Ice,11,550
2026-04-07,Mint,7,2100
2026-04-08,Mango,15,7500
2026-04-08,Orange,3,600
2026-04-08,Lemon,15,2250
2026-04-08,Watermelon,15,1500
2026-04-08,Coffee Beans,9,22500
2026-04-08,Milk,3,540
2026-04-08,Sugar,10,1200
2026-04-08,Green Tea,9,7200
2026-04-08,Croissant,2,300
2026-04-08,Sandwich Bread,13,1040
2026-04-08,Cups,4,20
2026-04-08,Straws,8,16
2026-04-08,Napkins,15,45
2026-04-08,Ice,12,600
2026-04-08,Mint,4,1200
2026-04-09,Mango,3,1500
2026-04-09,Orange,9,1800
2026-04-09,Lemon,14,2100
2026-04-09,Watermelon,6,600
2026-04-09,Coffee Beans,7,17500
2026-04-09,Milk,11,1980
2026-04-09,Sugar,13,1560
2026-04-09,Green Tea,8,6400
2026-04-09,Croissant,12,1800
2026-04-09,Sandwich Bread,3,240
2026-04-09,Cups,15,75
2026-04-09,Straws,7,14
2026-04-09,Napkins,15,45
2026-04-09,Ice,12,600
2026-04-09,Mint,15,4500
2026-04-10,Mango,10,5000
2026-04-10,Orange,8,1600
2026-04-10,Lemon,7,1050
2026-04-10,Watermelon,12,1200
2026-04-10,Coffee Beans,13,32500
2026-04-10,Milk,14,2520
2026-04-10,Sugar,9,1080
2026-04-10,Green Tea,15,12000
2026-04-10,Croissant,10,1500
2026-04-10,Sandwich Bread,2,160
2026-04-10,Cups,11,55
2026-04-10,Straws,3,6
2026-04-10,Napkins,5,15
2026-04-10,Ice,12,600
2026-04-10,Mint,12,3600
2026-04-11,Mango,8,4000
2026-04-11,Orange,7,1400
2026-04-11,Lemon,18,2700
2026-04-11,Watermelon,4,400
2026-04-11,Coffee Beans,11,27500
2026-04-11,Milk,4,720
2026-04-11,Sugar,19,2280
2026-04-11,Green Tea,16,12800
2026-04-11,Croissant,18,2700
2026-04-11,Sandwich Bread,21,1680
2026-04-11,Cups,4,20
2026-04-11,Straws,12,24
2026-04-11,Napkins,5,15
2026-04-11,Ice,18,900
2026-04-11,Mint,8,2400
2026-04-12,Mango,2,1000
2026-04-12,Orange,2,400
2026-04-12,Lemon,9,1350
2026-04-12,Watermelon,19,1900
2026-04-12,Coffee Beans,2,5000
2026-04-12,Milk,8,1440
2026-04-12,Sugar,9,1080
2026-04-12,Green Tea,9,7200
2026-04-12,Croissant,11,1650
2026-04-12,Sandwich Bread,5,400
2026-04-12,Cups,7,35
2026-04-12,Straws,14,28
2026-04-12,Napkins,11,33
2026-04-12,Ice,15,750
2026-04-12,Mint,16,4800
2026-04-13,Mango,14,7000
2026-04-13,Orange,4,800
2026-04-13,Lemon,4,600
2026-04-13,Watermelon,4,400
2026-04-13,Coffee Beans,3,7500
2026-04-13,Milk,11,1980
2026-04-13,Sugar,15,1800
2026-04-13,Green Tea,8,6400
2026-04-13,Croissant,11,1650
2026-04-13,Sandwich Bread,12,960
2026-04-13,Cups,5,25
2026-04-13,Straws,9,18
2026-04-13,Napkins,11,33
2026-04-13,Ice,4,200
2026-04-13,Mint,5,1500
2026-04-14,Mango,9,4500
2026-04-14,Orange,12,2400
2026-04-14,Lemon,6,900
2026-04-14,Watermelon,9,900
2026-04-14,Coffee Beans,6,15000
2026-04-14,Milk,12,2160
2026-04-14,Sugar,2,240
2026-04-14,Green Tea,14,11200
2026-04-14,Croissant,9,1350
2026-04-14,Sandwich Bread,6,480
2026-04-14,Cups,12,60
2026-04-14,Straws,10,20
2026-04-14,Napkins,4,12
2026-04-14,Ice,3,150
2026-04-14,Mint,9,2700
2026-04-15,Mango,7,3500
2026-04-15,Orange,11,2200
2026-04-15,Lemon,6,900
2026-04-15,Watermelon,12,1200
2026-04-15,Coffee Beans,8,20000
2026-04-15,Milk,13,2340
2026-04-15,Sugar,6,720
2026-04-15,Green Tea,9,7200
2026-04-15,Croissant,15,2250
2026-04-15,Sandwich Bread,6,480
2026-04-15,Cups,5,25
2026-04-15,Straws,8,16
2026-04-15,Napkins,15,45
2026-04-15,Ice,9,450
2026-04-15,Mint,3,900
2026-04-16,Mango,5,2500
2026-04-16,Orange,8,1600
2026-04-16,Lemon,11,1650
2026-04-16,Watermelon,7,700
2026-04-16,Coffee Beans,11,27500
2026-04-16,Milk,6,1080
2026-04-16,Sugar,13,1560
2026-04-16,Green Tea,6,4800
2026-04-16,Croissant,2,300
2026-04-16,Sandwich Bread,15,1200
2026-04-16,Cups,12,60
2026-04-16,Straws,8,16
2026-04-16,Napkins,6,18
2026-04-16,Ice,2,100
2026-04-16,Mint,11,3300
2026-04-17,Mango,15,7500
2026-04-17,Orange,12,2400
2026-04-17,Lemon,14,2100
2026-04-17,Watermelon,13,1300
2026-04-17,Coffee Beans,2,5000
2026-04-17,Milk,11,1980
2026-04-17,Sugar,13,1560
2026-04-17,Green Tea,9,7200
2026-04-17,Croissant,15,2250
2026-04-17,Sandwich Bread,6,480
2026-04-17,Cups,14,70
2026-04-17,Straws,14,28
2026-04-17,Napkins,5,15
2026-04-17,Ice,11,550
2026-04-17,Mint,14,4200
2026-04-18,Mango,9,4500
2026-04-18,Orange,7,1400
2026-04-18,Lemon,16,2400
2026-04-18,Watermelon,7,700
2026-04-18,Coffee Beans,15,37500
2026-04-18,Milk,8,1440
2026-04-18,Sugar,16,1920
2026-04-18,Green Tea,19,15200
2026-04-18,Croissant,18,2700
2026-04-18,Sandwich Bread,19,1520
2026-04-18,Cups,16,80
2026-04-18,Straws,16,32
2026-04-18,Napkins,21,63
2026-04-18,Ice,5,250
2026-04-18,Mint,16,4800
2026-04-19,Mango,4,2000
2026-04-19,Orange,16,3200
2026-04-19,Lemon,16,2400
2026-04-19,Watermelon,2,200
2026-04-19,Coffee Beans,8,20000
2026-04-19,Milk,19,3420
2026-04-19,Sugar,12,1440
2026-04-19,Green Tea,2,1600
2026-04-19,Croissant,15,2250
2026-04-19,Sandwich Bread,9,720
2026-04-19,Cups,18,90
2026-04-19,Straws,5,10
2026-04-19,Napkins,4,12
2026-04-19,Ice,8,400
2026-04-19,Mint,9,2700
2026-04-20,Mango,13,6500
2026-04-20,Orange,8,1600
2026-04-20,Lemon,4,600
2026-04-20,Watermelon,5,500
2026-04-20,Coffee Beans,4,10000
2026-04-20,Milk,14,2520
2026-04-20,Sugar,10,1200
2026-04-20,Green Tea,7,5600
2026-04-20,Croissant,10,1500
2026-04-20,Sandwich Bread,10,800
2026-04-20,Cups,6,30
2026-04-20,Straws,15,30
2026-04-20,Napkins,4,12
2026-04-20,Ice,6,300
2026-04-20,Mint,15,4500
2026-04-21,Mango,9,4500
2026-04-21,Orange,14,2800
2026-04-21,Lemon,6,900
2026-04-21,Watermelon,13,1300
2026-04-21,Coffee Beans,15,37500
2026-04-21,Milk,7,1260
2026-04-21,Sugar,14,1680
2026-04-21,Green Tea,3,2400
2026-04-21,Croissant,9,1350
2026-04-21,Sandwich Bread,3,240
2026-04-21,Cups,4,20
2026-04-21,Straws,14,28
2026-04-21,Napkins,5,15
2026-04-21,Ice,15,750
2026-04-21,Mint,12,3600
2026-04-22,Mango,13,6500
2026-04-22,Orange,12,2400
2026-04-22,Lemon,8,1200
2026-04-22,Watermelon,15,1500
2026-04-22,Coffee Beans,14,35000
2026-04-22,Milk,10,1800
2026-04-22,Sugar,7,840
2026-04-22,Green Tea,3,2400
2026-04-22,Croissant,14,2100
2026-04-22,Sandwich Bread,8,640
2026-04-22,Cups,2,10
2026-04-22,Straws,6,12
2026-04-22,Napkins,10,30
2026-04-22,Ice,3,150
2026-04-22,Mint,9,2700
2026-04-23,Mango,7,3500
2026-04-23,Orange,12,2400
2026-04-23,Lemon,13,1950
2026-04-23,Watermelon,12,1200
2026-04-23,Coffee Beans,6,15000
2026-04-23,Milk,11,1980
2026-04-23,Sugar,8,960
2026-04-23,Green Tea,15,12000
2026-04-23,Croissant,12,1800
2026-04-23,Sandwich Bread,7,560
2026-04-23,Cups,3,15
2026-04-23,Straws,12,24
2026-04-23,Napkins,5,15
2026-04-23,Ice,9,450
2026-04-23,Mint,2,600
2026-04-24,Mango,11,5500
2026-04-24,Orange,10,2000
2026-04-24,Lemon,7,1050
2026-04-24,Watermelon,11,1100
2026-04-24,Coffee Beans,5,12500
2026-04-24,Milk,12,2160
2026-04-24,Sugar,3,360
2026-04-24,Green Tea,12,9600
2026-04-24,Croissant,15,2250
2026-04-24,Sandwich Bread,9,720
2026-04-24,Cups,13,65
2026-04-24,Straws,6,12
2026-04-24,Napkins,12,36
2026-04-24,Ice,8,400
2026-04-24,Mint,3,900
2026-04-25,Mango,5,2500
2026-04-25,Orange,2,400
2026-04-25,Lemon,2,300
2026-04-25,Watermelon,8,800
2026-04-25,Coffee Beans,12,30000
2026-04-25,Milk,4,720
2026-04-25,Sugar,4,480
2026-04-25,Green Tea,7,5600
2026-04-25,Croissant,14,2100
2026-04-25,Sandwich Bread,5,400
2026-04-25,Cups,11,55
2026-04-25,Straws,12,24
2026-04-25,Napkins,9,27
2026-04-25,Ice,16,800
2026-04-25,Mint,18,5400
2026-04-26,Mango,18,9000
2026-04-26,Orange,14,2800
2026-04-26,Lemon,11,1650
2026-04-26,Watermelon,15,1500
2026-04-26,Coffee Beans,18,45000
2026-04-26,Milk,18,3240
2026-04-26,Sugar,5,600
2026-04-26,Green Tea,11,8800
2026-04-26,Croissant,16,2400
2026-04-26,Sandwich Bread,4,320
2026-04-26,Cups,21,105
2026-04-26,Straws,12,24
2026-04-26,Napkins,15,45
2026-04-26,Ice,11,550
2026-04-26,Mint,8,2400
2026-04-27,Mango,2,1000
2026-04-27,Orange,13,2600
2026-04-27,Lemon,7,1050
2026-04-27,Watermelon,5,500
2026-04-27,Coffee Beans,9,22500
2026-04-27,Milk,9,1620
2026-04-27,Sugar,5,600
2026-04-27,Green Tea,15,12000
2026-04-27,Croissant,7,1050
2026-04-27,Sandwich Bread,3,240
2026-04-27,Cups,12,60
2026-04-27,Straws,7,14
2026-04-27,Napkins,10,30
2026-04-27,Ice,12,600
2026-04-27,Mint,7,2100
2026-04-28,Mango,2,1000
2026-04-28,Orange,8,1600
2026-04-28,Lemon,6,900
2026-04-28,Watermelon,5,500
2026-04-28,Coffee Beans,3,7500
2026-04-28,Milk,15,2700
2026-04-28,Sugar,15,1800
2026-04-28,Green Tea,9,7200
2026-04-28,Croissant,3,450
2026-04-28,Sandwich Bread,12,960
2026-04-28,Cups,5,25
2026-04-28,Straws,12,24
2026-04-28,Napkins,12,36
2026-04-28,Ice,11,550
2026-04-28,Mint,2,600
2026-04-29,Mango,2,1000
2026-04-29,Orange,14,2800
2026-04-29,Lemon,7,1050
2026-04-29,Watermelon,5,500
2026-04-29,Coffee Beans,4,10000
2026-04-29,Milk,14,2520
2026-04-29,Sugar,11,1320
2026-04-29,Green Tea,5,4000
2026-04-29,Croissant,3,450
2026-04-29,Sandwich Bread,15,1200
2026-04-29,Cups,14,70
2026-04-29,Straws,10,20
2026-04-29,Napkins,5,15
2026-04-29,Ice,11,550
2026-04-29,Mint,5,1500
2026-04-30,Mango,15,7500
2026-04-30,Orange,15,3000
2026-04-30,Lemon,5,750
2026-04-30,Watermelon,7,700
2026-04-30,Coffee Beans,14,35000
2026-04-30,Milk,4,720
2026-04-30,Sugar,14,1680
2026-04-30,Green Tea,11,8800
2026-04-30,Croissant,2,300
2026-04-30,Sandwich Bread,6,480
2026-04-30,Cups,15,75
2026-04-30,Straws,4,8
2026-04-30,Napkins,4,12
2026-04-30,Ice,10,500
2026-04-30,Mint,6,1800
2026-05-01,Mango,22,11000
2026-05-01,Orange,4,800
2026-05-01,Lemon,3,450
2026-05-01,Watermelon,19,1900
2026-05-01,Coffee Beans,15,37500
2026-05-01,Milk,2,360
2026-05-01,Sugar,4,480
2026-05-01,Green Tea,2,1600
2026-05-01,Croissant,7,1050
2026-05-01,Sandwich Bread,14,1120
2026-05-01,Cups,14,70
2026-05-01,Straws,5,10
2026-05-01,Napkins,11,33
2026-05-01,Ice,11,550
2026-05-01,Mint,2,600
2026-05-02,Mango,8,4000
2026-05-02,Orange,8,1600
2026-05-02,Lemon,2,300
2026-05-02,Watermelon,8,800
2026-05-02,Coffee Beans,18,45000
2026-05-02,Milk,11,1980
2026-05-02,Sugar,14,1680
2026-05-02,Green Tea,4,3200
2026-05-02,Croissant,18,2700
2026-05-02,Sandwich Bread,4,320
2026-05-02,Cups,12,60
2026-05-02,Straws,12,24
2026-05-02,Napkins,19,57
2026-05-02,Ice,14,700
2026-05-02,Mint,14,4200
2026-05-03,Mango,24,12000
2026-05-03,Orange,4,800
2026-05-03,Lemon,12,1800
2026-05-03,Watermelon,22,2200
2026-05-03,Coffee Beans,7,17500
2026-05-03,Milk,15,2700
2026-05-03,Sugar,2,240
2026-05-03,Green Tea,18,14400
2026-05-03,Croissant,19,2850
2026-05-03,Sandwich Bread,21,1680
2026-05-03,Cups,16,80
2026-05-03,Straws,14,28
2026-05-03,Napkins,8,24
2026-05-03,Ice,19,950
2026-05-03,Mint,16,4800
2026-05-04,Mango,3,1500
2026-05-04,Orange,2,400
2026-05-04,Lemon,9,1350
2026-05-04,Watermelon,24,2400
2026-05-04,Coffee Beans,8,20000
2026-05-04,Milk,8,1440
2026-05-04,Sugar,12,1440
2026-05-04,Green Tea,3,2400
2026-05-04,Croissant,9,1350
2026-05-04,Sandwich Bread,13,1040
2026-05-04,Cups,9,45
2026-05-04,Straws,3,6
2026-05-04,Napkins,3,9
2026-05-04,Ice,11,550
2026-05-04,Mint,11,3300
2026-05-05,Mango,6,3000
2026-05-05,Orange,3,600
2026-05-05,Lemon,4,600
2026-05-05,Watermelon,9,900
2026-05-05,Coffee Beans,11,27500
2026-05-05,Milk,12,2160
2026-05-05,Sugar,11,1320
2026-05-05,Green Tea,10,8000
2026-05-05,Croissant,13,1950
2026-05-05,Sandwich Bread,7,560
2026-05-05,Cups,8,40
2026-05-05,Straws,11,22
2026-05-05,Napkins,10,30
2026-05-05,Ice,9,450
2026-05-05,Mint,9,2700
2026-05-06,Mango,16,8000
2026-05-06,Orange,11,2200
2026-05-06,Lemon,8,1200
2026-05-06,Watermelon,4,400
2026-05-06,Coffee Beans,14,35000
2026-05-06,Milk,13,2340
2026-05-06,Sugar,3,360
2026-05-06,Green Tea,15,12000
2026-05-06,Croissant,12,1800
2026-05-06,Sandwich Bread,12,960
2026-05-06,Cups,14,70
2026-05-06,Straws,10,20
2026-05-06,Napkins,13,39
2026-05-06,Ice,24,1200
2026-05-06,Mint,5,1500
2026-05-07,Mango,12,6000
2026-05-07,Orange,9,1800
2026-05-07,Lemon,5,750
2026-05-07,Watermelon,12,1200
2026-05-07,Coffee Beans,7,17500
2026-05-07,Milk,15,2700
2026-05-07,Sugar,9,1080
2026-05-07,Green Tea,8,6400
2026-05-07,Croissant,8,1200
2026-05-07,Sandwich Bread,13,1040
2026-05-07,Cups,3,15
2026-05-07,Straws,7,14
2026-05-07,Napkins,8,24
2026-05-07,Ice,11,550
2026-05-07,Mint,12,3600
2026-05-08,Mango,9,4500
2026-05-08,Orange,7,1400
2026-05-08,Lemon,4,600
2026-05-08,Watermelon,19,1900
2026-05-08,Coffee Beans,9,22500
2026-05-08,Milk,3,540
2026-05-08,Sugar,3,360
2026-05-08,Green Tea,15,12000
2026-05-08,Croissant,3,450
2026-05-08,Sandwich Bread,3,240
2026-05-08,Cups,8,40
2026-05-08,Straws,3,6
2026-05-08,Napkins,13,39
2026-05-08,Ice,20,1000
2026-05-08,Mint,7,2100
2026-05-09,Mango,30,15000
2026-05-09,Orange,5,1000
2026-05-09,Lemon,14,2100
2026-05-09,Watermelon,3,300
2026-05-09,Coffee Beans,15,37500
2026-05-09,Milk,14,2520
2026-05-09,Sugar,14,1680
2026-05-09,Green Tea,9,7200
2026-05-09,Croissant,16,2400
2026-05-09,Sandwich Bread,4,320
2026-05-09,Cups,11,55
2026-05-09,Straws,9,18
2026-05-09,Napkins,21,63
2026-05-09,Ice,25,1250
2026-05-09,Mint,19,5700
2026-05-10,Mango,17,8500
2026-05-10,Orange,21,4200
2026-05-10,Lemon,18,2700
2026-05-10,Watermelon,3,300
2026-05-10,Coffee Beans,8,20000
2026-05-10,Milk,15,2700
2026-05-10,Sugar,8,960
2026-05-10,Green Tea,9,7200
2026-05-10,Croissant,4,600
2026-05-10,Sandwich Bread,15,1200
2026-05-10,Cups,14,70
2026-05-10,Straws,7,14
2026-05-10,Napkins,5,15
2026-05-10,Ice,25,1250
2026-05-10,Mint,12,3600
2026-05-11,Mango,8,4000
2026-05-11,Orange,15,3000
2026-05-11,Lemon,3,450
2026-05-11,Watermelon,11,1100
2026-05-11,Coffee Beans,15,37500
2026-05-11,Milk,10,1800
2026-05-11,Sugar,7,840
2026-05-11,Green Tea,3,2400
2026-05-11,Croissant,14,2100
2026-05-11,Sandwich Bread,6,480
2026-05-11,Cups,11,55
2026-05-11,Straws,5,10
2026-05-11,Napkins,14,42
2026-05-11,Ice,12,600
2026-05-11,Mint,15,4500
2026-05-12,Mango,16,8000
2026-05-12,Orange,14,2800
2026-05-12,Lemon,15,2250
2026-05-12,Watermelon,17,1700
2026-05-12,Coffee Beans,11,27500
2026-05-12,Milk,12,2160
2026-05-12,Sugar,12,1440
2026-05-12,Green Tea,10,8000
2026-05-12,Croissant,2,300
2026-05-12,Sandwich Bread,11,880
2026-05-12,Cups,12,60
2026-05-12,Straws,15,30
2026-05-12,Napkins,13,39
2026-05-12,Ice,9,450
2026-05-12,Mint,2,600
2026-05-13,Mango,6,3000
2026-05-13,Orange,6,1200
2026-05-13,Lemon,13,1950
2026-05-13,Watermelon,22,2200
2026-05-13,Coffee Beans,6,15000
2026-05-13,Milk,7,1260
2026-05-13,Sugar,7,840
2026-05-13,Green Tea,2,1600
2026-05-13,Croissant,4,600
2026-05-13,Sandwich Bread,15,1200
2026-05-13,Cups,4,20
2026-05-13,Straws,11,22
2026-05-13,Napkins,12,36
2026-05-13,Ice,12,600
2026-05-13,Mint,3,900
2026-05-14,Mango,6,3000
2026-05-14,Orange,13,2600
2026-05-14,Lemon,12,1800
2026-05-14,Watermelon,3,300
2026-05-14,Coffee Beans,3,7500
2026-05-14,Milk,13,2340
2026-05-14,Sugar,10,1200
2026-05-14,Green Tea,5,4000
2026-05-14,Croissant,8,1200
2026-05-14,Sandwich Bread,8,640
2026-05-14,Cups,9,45
2026-05-14,Straws,7,14
2026-05-14,Napkins,4,12
2026-05-14,Ice,11,550
2026-05-14,Mint,6,1800
2026-05-15,Mango,20,10000
2026-05-15,Orange,7,1400
2026-05-15,Lemon,14,2100
2026-05-15,Watermelon,17,1700
2026-05-15,Coffee Beans,11,27500
2026-05-15,Milk,3,540
2026-05-15,Sugar,2,240
2026-05-15,Green Tea,4,3200
2026-05-15,Croissant,4,600
2026-05-15,Sandwich Bread,14,1120
2026-05-15,Cups,11,55
2026-05-15,Straws,2,4
2026-05-15,Napkins,12,36
2026-05-15,Ice,4,200
2026-05-15,Mint,6,1800
2026-05-16,Mango,19,9500
2026-05-16,Orange,16,3200
2026-05-16,Lemon,11,1650
2026-05-16,Watermelon,19,1900
2026-05-16,Coffee Beans,15,37500
2026-05-16,Milk,12,2160
2026-05-16,Sugar,11,1320
2026-05-16,Green Tea,8,6400
2026-05-16,Croissant,7,1050
2026-05-16,Sandwich Bread,19,1520
2026-05-16,Cups,14,70
2026-05-16,Straws,4,8
2026-05-16,Napkins,9,27
2026-05-16,Ice,17,850
2026-05-16,Mint,4,1200
2026-05-17,Mango,12,6000
2026-05-17,Orange,16,3200
2026-05-17,Lemon,16,2400
2026-05-17,Watermelon,24,2400
2026-05-17,Coffee Beans,12,30000
2026-05-17,Milk,14,2520
2026-05-17,Sugar,16,1920
2026-05-17,Green Tea,8,6400
2026-05-17,Croissant,2,300
2026-05-17,Sandwich Bread,7,560
2026-05-17,Cups,11,55
2026-05-17,Straws,15,30
2026-05-17,Napkins,2,6
2026-05-17,Ice,3,150
2026-05-17,Mint,7,2100
2026-05-18,Mango,9,4500
2026-05-18,Orange,5,1000
2026-05-18,Lemon,14,2100
2026-05-18,Watermelon,6,600
2026-05-18,Coffee Beans,14,35000
2026-05-18,Milk,6,1080
2026-05-18,Sugar,6,720
2026-05-18,Green Tea,7,5600
2026-05-18,Croissant,3,450
2026-05-18,Sandwich Bread,2,160
2026-05-18,Cups,9,45
2026-05-18,Straws,13,26
2026-05-18,Napkins,8,24
2026-05-18,Ice,6,300
2026-05-18,Mint,4,1200
2026-05-19,Mango,12,6000
2026-05-19,Orange,10,2000
2026-05-19,Lemon,13,1950
2026-05-19,Watermelon,8,800
2026-05-19,Coffee Beans,10,25000
2026-05-19,Milk,10,1800
2026-05-19,Sugar,15,1800
2026-05-19,Green Tea,12,9600
2026-05-19,Croissant,14,2100
2026-05-19,Sandwich Bread,7,560
2026-05-19,Cups,3,15
2026-05-19,Straws,8,16
2026-05-19,Napkins,15,45
2026-05-19,Ice,20,1000
2026-05-19,Mint,2,600
2026-05-20,Mango,12,6000
2026-05-20,Orange,2,400
2026-05-20,Lemon,9,1350
2026-05-20,Watermelon,4,400
2026-05-20,Coffee Beans,15,37500
2026-05-20,Milk,7,1260
2026-05-20,Sugar,11,1320
2026-05-20,Green Tea,8,6400
2026-05-20,Croissant,11,1650
2026-05-20,Sandwich Bread,8,640
2026-05-20,Cups,13,65
2026-05-20,Straws,12,24
2026-05-20,Napkins,8,24
2026-05-20,Ice,9,450
2026-05-20,Mint,3,900
2026-05-21,Mango,12,6000
2026-05-21,Orange,2,400
2026-05-21,Lemon,7,1050
2026-05-21,Watermelon,6,600
2026-05-21,Coffee Beans,14,35000
2026-05-21,Milk,11,1980
2026-05-21,Sugar,9,1080
2026-05-21,Green Tea,15,12000
2026-05-21,Croissant,13,1950
2026-05-21,Sandwich Bread,7,560
2026-05-21,Cups,3,15
2026-05-21,Straws,8,16
2026-05-21,Napkins,15,45
2026-05-21,Ice,4,200
2026-05-21,Mint,5,1500
2026-05-22,Mango,12,6000
2026-05-22,Orange,11,2200
2026-05-22,Lemon,8,1200
2026-05-22,Watermelon,16,1600
2026-05-22,Coffee Beans,3,7500
2026-05-22,Milk,8,1440
2026-05-22,Sugar,15,1800
2026-05-22,Green Tea,6,4800
2026-05-22,Croissant,13,1950
2026-05-22,Sandwich Bread,7,560
2026-05-22,Cups,5,25
2026-05-22,Straws,7,14
2026-05-22,Napkins,14,42
2026-05-22,Ice,6,300
2026-05-22,Mint,3,900
2026-05-23,Mango,22,11000
2026-05-23,Orange,16,3200
2026-05-23,Lemon,4,600
2026-05-23,Watermelon,22,2200
2026-05-23,Coffee Beans,14,35000
2026-05-23,Milk,7,1260
2026-05-23,Sugar,19,2280
2026-05-23,Green Tea,9,7200
2026-05-23,Croissant,9,1350
2026-05-23,Sandwich Bread,18,1440
2026-05-23,Cups,21,105
2026-05-23,Straws,16,32
2026-05-23,Napkins,21,63
2026-05-23,Ice,8,400
2026-05-23,Mint,7,2100
2026-05-24,Mango,6,3000
2026-05-24,Orange,5,1000
2026-05-24,Lemon,8,1200
2026-05-24,Watermelon,11,1100
2026-05-24,Coffee Beans,5,12500
2026-05-24,Milk,15,2700
2026-05-24,Sugar,5,600
2026-05-24,Green Tea,19,15200
2026-05-24,Croissant,19,2850
2026-05-24,Sandwich Bread,16,1280
2026-05-24,Cups,4,20
2026-05-24,Straws,5,10
2026-05-24,Napkins,19,57
2026-05-24,Ice,25,1250
2026-05-24,Mint,12,3600
2026-05-25,Mango,14,7000
2026-05-25,Orange,14,2800
2026-05-25,Lemon,11,1650
2026-05-25,Watermelon,22,2200
2026-05-25,Coffee Beans,11,27500
2026-05-25,Milk,9,1620
2026-05-25,Sugar,12,1440
2026-05-25,Green Tea,11,8800
2026-05-25,Croissant,12,1800
2026-05-25,Sandwich Bread,12,960
2026-05-25,Cups,11,55
2026-05-25,Straws,7,14
2026-05-25,Napkins,15,45
2026-05-25,Ice,19,950
2026-05-25,Mint,7,2100
2026-05-26,Mango,6,3000
2026-05-26,Orange,9,1800
2026-05-26,Lemon,3,450
2026-05-26,Watermelon,14,1400
2026-05-26,Coffee Beans,9,22500
2026-05-26,Milk,12,2160
2026-05-26,Sugar,6,720
2026-05-26,Green Tea,14,11200
2026-05-26,Croissant,6,900
2026-05-26,Sandwich Bread,11,880
2026-05-26,Cups,2,10
2026-05-26,Straws,7,14
2026-05-26,Napkins,10,30
2026-05-26,Ice,4,200
2026-05-26,Mint,6,1800
2026-05-27,Mango,14,7000
2026-05-27,Orange,9,1800
2026-05-27,Lemon,2,300
2026-05-27,Watermelon,3,300
2026-05-27,Coffee Beans,7,17500
2026-05-27,Milk,15,2700
2026-05-27,Sugar,6,720
2026-05-27,Green Tea,3,2400
2026-05-27,Croissant,12,1800
2026-05-27,Sandwich Bread,15,1200
2026-05-27,Cups,15,75
2026-05-27,Straws,3,6
2026-05-27,Napkins,11,33
2026-05-27,Ice,17,850
2026-05-27,Mint,10,3000
2026-05-28,Mango,12,6000
2026-05-28,Orange,9,1800
2026-05-28,Lemon,11,1650
2026-05-28,Watermelon,16,1600
2026-05-28,Coffee Beans,14,35000
2026-05-28,Milk,13,2340
2026-05-28,Sugar,2,240
2026-05-28,Green Tea,9,7200
2026-05-28,Croissant,14,2100
2026-05-28,Sandwich Bread,11,880
2026-05-28,Cups,12,60
2026-05-28,Straws,5,10
2026-05-28,Napkins,7,21
2026-05-28,Ice,17,850
2026-05-28,Mint,9,2700
2026-05-29,Mango,16,8000
2026-05-29,Orange,4,800
2026-05-29,Lemon,2,300
2026-05-29,Watermelon,14,1400
2026-05-29,Coffee Beans,3,7500
2026-05-29,Milk,14,2520
2026-05-29,Sugar,15,1800
2026-05-29,Green Tea,7,5600
2026-05-29,Croissant,13,1950
2026-05-29,Sandwich Bread,3,240
2026-05-29,Cups,10,50
2026-05-29,Straws,12,24
2026-05-29,Napkins,4,12
2026-05-29,Ice,3,150
2026-05-29,Mint,5,1500
2026-05-30,Mango,28,14000
2026-05-30,Orange,12,2400
2026-05-30,Lemon,12,1800
2026-05-30,Watermelon,22,2200
2026-05-30,Coffee Beans,14,35000
2026-05-30,Milk,15,2700
2026-05-30,Sugar,5,600
2026-05-30,Green Tea,9,7200
2026-05-30,Croissant,9,1350
2026-05-30,Sandwich Bread,8,640
2026-05-30,Cups,11,55
2026-05-30,Straws,11,22
2026-05-30,Napkins,19,57
2026-05-30,Ice,14,700
2026-05-30,Mint,16,4800
2026-05-31,Mango,24,12000
2026-05-31,Orange,2,400
2026-05-31,Lemon,19,2850
2026-05-31,Watermelon,25,2500
2026-05-31,Coffee Beans,16,40000
2026-05-31,Milk,9,1620
2026-05-31,Sugar,4,480
2026-05-31,Green Tea,9,7200
2026-05-31,Croissant,4,600
2026-05-31,Sandwich Bread,14,1120
2026-05-31,Cups,16,80
2026-05-31,Straws,11,22
2026-05-31,Napkins,8,24
2026-05-31,Ice,12,600
2026-05-31,Mint,18,5400
2026-06-01,Mango,24,12000
2026-06-01,Orange,12,2400
2026-06-01,Lemon,11,1650
2026-06-01,Watermelon,24,2400
2026-06-01,Coffee Beans,4,10000
2026-06-01,Milk,7,1260
2026-06-01,Sugar,3,360
2026-06-01,Green Tea,11,8800
2026-06-01,Croissant,12,1800
2026-06-01,Sandwich Bread,4,320
2026-06-01,Cups,7,35
2026-06-01,Straws,6,12
2026-06-01,Napkins,12,36
2026-06-01,Ice,20,1000
2026-06-01,Mint,12,3600
2026-06-02,Mango,12,6000
2026-06-02,Orange,4,800
2026-06-02,Lemon,11,1650
2026-06-02,Watermelon,20,2000
2026-06-02,Coffee Beans,3,7500
2026-06-02,Milk,6,1080
2026-06-02,Sugar,10,1200
2026-06-02,Green Tea,8,6400
2026-06-02,Croissant,12,1800
2026-06-02,Sandwich Bread,14,1120
2026-06-02,Cups,7,35
2026-06-02,Straws,15,30
2026-06-02,Napkins,4,12
2026-06-02,Ice,19,950
2026-06-02,Mint,13,3900
2026-06-03,Mango,24,12000
2026-06-03,Orange,13,2600
2026-06-03,Lemon,12,1800
2026-06-03,Watermelon,16,1600
2026-06-03,Coffee Beans,3,7500
2026-06-03,Milk,12,2160
2026-06-03,Sugar,12,1440
2026-06-03,Green Tea,8,6400
2026-06-03,Croissant,10,1500
2026-06-03,Sandwich Bread,7,560
2026-06-03,Cups,2,10
2026-06-03,Straws,7,14
2026-06-03,Napkins,6,18
2026-06-03,Ice,6,300
2026-06-03,Mint,5,1500
2026-06-04,Mango,11,5500
2026-06-04,Orange,14,2800
2026-06-04,Lemon,9,1350
2026-06-04,Watermelon,8,800
2026-06-04,Coffee Beans,5,12500
2026-06-04,Milk,4,720
2026-06-04,Sugar,4,480
2026-06-04,Green Tea,3,2400
2026-06-04,Croissant,6,900
2026-06-04,Sandwich Bread,15,1200
2026-06-04,Cups,14,70
2026-06-04,Straws,3,6
2026-06-04,Napkins,10,30
2026-06-04,Ice,22,1100
2026-06-04,Mint,10,3000
2026-06-05,Mango,24,12000
2026-06-05,Orange,13,2600
2026-06-05,Lemon,10,1500
2026-06-05,Watermelon,3,300
2026-06-05,Coffee Beans,12,30000
2026-06-05,Milk,7,1260
2026-06-05,Sugar,14,1680
2026-06-05,Green Tea,11,8800
2026-06-05,Croissant,4,600
2026-06-05,Sandwich Bread,11,880
2026-06-05,Cups,8,40
2026-06-05,Straws,4,8
2026-06-05,Napkins,4,12
2026-06-05,Ice,6,300
2026-06-05,Mint,15,4500
2026-06-06,Mango,28,14000
2026-06-06,Orange,19,3800
2026-06-06,Lemon,15,2250
2026-06-06,Watermelon,30,3000
2026-06-06,Coffee Beans,5,12500
2026-06-06,Milk,18,3240
2026-06-06,Sugar,12,1440
2026-06-06,Green Tea,2,1600
2026-06-06,Croissant,11,1650
2026-06-06,Sandwich Bread,9,720
2026-06-06,Cups,16,80
2026-06-06,Straws,18,36
2026-06-06,Napkins,7,21
2026-06-06,Ice,19,950
2026-06-06,Mint,15,4500
2026-06-07,Mango,12,6000
2026-06-07,Orange,19,3800
2026-06-07,Lemon,18,2700
2026-06-07,Watermelon,30,3000
2026-06-07,Coffee Beans,12,30000
2026-06-07,Milk,7,1260
2026-06-07,Sugar,14,1680
2026-06-07,Green Tea,7,5600
2026-06-07,Croissant,8,1200
2026-06-07,Sandwich Bread,19,1520
2026-06-07,Cups,19,95
2026-06-07,Straws,12,24
2026-06-07,Napkins,21,63
2026-06-07,Ice,11,550
2026-06-07,Mint,9,2700
2026-06-08,Mango,19,9500
2026-06-08,Orange,11,2200
2026-06-08,Lemon,9,1350
2026-06-08,Watermelon,14,1400
2026-06-08,Coffee Beans,14,35000
2026-06-08,Milk,6,1080
2026-06-08,Sugar,14,1680
2026-06-08,Green Tea,8,6400
2026-06-08,Croissant,10,1500
2026-06-08,Sandwich Bread,10,800
2026-06-08,Cups,8,40
2026-06-08,Straws,4,8
2026-06-08,Napkins,15,45
2026-06-08,Ice,8,400
2026-06-08,Mint,14,4200
2026-06-09,Mango,17,8500
2026-06-09,Orange,4,800
2026-06-09,Lemon,15,2250
2026-06-09,Watermelon,9,900
2026-06-09,Coffee Beans,2,5000
2026-06-09,Milk,12,2160
2026-06-09,Sugar,9,1080
2026-06-09,Green Tea,15,12000
2026-06-09,Croissant,7,1050
2026-06-09,Sandwich Bread,10,800
2026-06-09,Cups,3,15
2026-06-09,Straws,13,26
2026-06-09,Napkins,15,45
2026-06-09,Ice,16,800
2026-06-09,Mint,15,4500
2026-06-10,Mango,4,2000
2026-06-10,Orange,6,1200
2026-06-10,Lemon,3,450
2026-06-10,Watermelon,22,2200
2026-06-10,Coffee Beans,4,10000
2026-06-10,Milk,6,1080
2026-06-10,Sugar,9,1080
2026-06-10,Green Tea,10,8000
2026-06-10,Croissant,4,600
2026-06-10,Sandwich Bread,15,1200
2026-06-10,Cups,8,40
2026-06-10,Straws,3,6
2026-06-10,Napkins,5,15
2026-06-10,Ice,24,1200
2026-06-10,Mint,9,2700
2026-06-11,Mango,11,5500
2026-06-11,Orange,2,400
2026-06-11,Lemon,8,1200
2026-06-11,Watermelon,3,300
2026-06-11,Coffee Beans,8,20000
2026-06-11,Milk,10,1800
2026-06-11,Sugar,7,840
2026-06-11,Green Tea,5,4000
2026-06-11,Croissant,8,1200
2026-06-11,Sandwich Bread,3,240
2026-06-11,Cups,7,35
2026-06-11,Straws,5,10
2026-06-11,Napkins,2,6
2026-06-11,Ice,11,550
2026-06-11,Mint,3,900
2026-06-12,Mango,24,12000
2026-06-12,Orange,13,2600
2026-06-12,Lemon,12,1800
2026-06-12,Watermelon,11,1100
2026-06-12,Coffee Beans,14,35000
2026-06-12,Milk,4,720
2026-06-12,Sugar,4,480
2026-06-12,Green Tea,2,1600
2026-06-12,Croissant,6,900
2026-06-12,Sandwich Bread,15,1200
2026-06-12,Cups,9,45
2026-06-12,Straws,13,26
2026-06-12,Napkins,15,45
2026-06-12,Ice,6,300
2026-06-12,Mint,14,4200
2026-06-13,Mango,28,14000
2026-06-13,Orange,12,2400
2026-06-13,Lemon,12,1800
2026-06-13,Watermelon,24,2400
2026-06-13,Coffee Beans,2,5000
2026-06-13,Milk,4,720
2026-06-13,Sugar,2,240
2026-06-13,Green Tea,8,6400
2026-06-13,Croissant,7,1050
2026-06-13,Sandwich Bread,21,1680
2026-06-13,Cups,5,25
2026-06-13,Straws,14,28
2026-06-13,Napkins,18,54
2026-06-13,Ice,24,1200
2026-06-13,Mint,14,4200
2026-06-14,Mango,17,8500
2026-06-14,Orange,4,800
2026-06-14,Lemon,19,2850
2026-06-14,Watermelon,12,1200
2026-06-14,Coffee Beans,7,17500
2026-06-14,Milk,8,1440
2026-06-14,Sugar,4,480
2026-06-14,Green Tea,2,1600
2026-06-14,Croissant,7,1050
2026-06-14,Sandwich Bread,11,880
2026-06-14,Cups,16,80
2026-06-14,Straws,19,38
2026-06-14,Napkins,15,45
2026-06-14,Ice,19,950
2026-06-14,Mint,4,1200
2026-06-15,Mango,4,2000
2026-06-15,Orange,15,3000
2026-06-15,Lemon,9,1350
2026-06-15,Watermelon,17,1700
2026-06-15,Coffee Beans,10,25000
2026-06-15,Milk,2,360
2026-06-15,Sugar,12,1440
2026-06-15,Green Tea,10,8000
2026-06-15,Croissant,11,1650
2026-06-15,Sandwich Bread,5,400
2026-06-15,Cups,13,65
2026-06-15,Straws,4,8
2026-06-15,Napkins,6,18
2026-06-15,Ice,12,600
2026-06-15,Mint,2,600
2026-06-16,Mango,17,8500
2026-06-16,Orange,7,1400
2026-06-16,Lemon,5,750
2026-06-16,Watermelon,17,1700
2026-06-16,Coffee Beans,8,20000
2026-06-16,Milk,4,720
2026-06-16,Sugar,12,1440
2026-06-16,Green Tea,12,9600
2026-06-16,Croissant,3,450
2026-06-16,Sandwich Bread,10,800
2026-06-16,Cups,7,35
2026-06-16,Straws,3,6
2026-06-16,Napkins,10,30
2026-06-16,Ice,16,800
2026-06-16,Mint,10,3000
2026-06-17,Mango,22,11000
2026-06-17,Orange,10,2000
2026-06-17,Lemon,10,1500
2026-06-17,Watermelon,3,300
2026-06-17,Coffee Beans,8,20000
2026-06-17,Milk,15,2700
2026-06-17,Sugar,9,1080
2026-06-17,Green Tea,2,1600
2026-06-17,Croissant,12,1800
2026-06-17,Sandwich Bread,8,640
2026-06-17,Cups,7,35
2026-06-17,Straws,6,12
2026-06-17,Napkins,13,39
2026-06-17,Ice,3,150
2026-06-17,Mint,7,2100
2026-06-18,Mango,22,11000
2026-06-18,Orange,3,600
2026-06-18,Lemon,7,1050
2026-06-18,Watermelon,8,800
2026-06-18,Coffee Beans,13,32500
2026-06-18,Milk,12,2160
2026-06-18,Sugar,12,1440
2026-06-18,Green Tea,3,2400
2026-06-18,Croissant,14,2100
2026-06-18,Sandwich Bread,11,880
2026-06-18,Cups,13,65
2026-06-18,Straws,14,28
2026-06-18,Napkins,7,21
2026-06-18,Ice,6,300
2026-06-18,Mint,2,600
2026-06-19,Mango,11,5500
2026-06-19,Orange,10,2000
2026-06-19,Lemon,7,1050
2026-06-19,Watermelon,24,2400
2026-06-19,Coffee Beans,12,30000
2026-06-19,Milk,4,720
2026-06-19,Sugar,15,1800
2026-06-19,Green Tea,14,11200
2026-06-19,Croissant,12,1800
2026-06-19,Sandwich Bread,9,720
2026-06-19,Cups,13,65
2026-06-19,Straws,9,18
2026-06-19,Napkins,12,36
2026-06-19,Ice,6,300
2026-06-19,Mint,14,4200
2026-06-20,Mango,8,4000
2026-06-20,Orange,4,800
2026-06-20,Lemon,18,2700
2026-06-20,Watermelon,30,3000
2026-06-20,Coffee Beans,12,30000
2026-06-20,Milk,2,360
2026-06-20,Sugar,8,960
2026-06-20,Green Tea,7,5600
2026-06-20,Croissant,2,300
2026-06-20,Sandwich Bread,19,1520
2026-06-20,Cups,7,35
2026-06-20,Straws,2,4
2026-06-20,Napkins,9,27
2026-06-20,Ice,12,600
2026-06-20,Mint,14,4200
2026-06-21,Mango,17,8500
2026-06-21,Orange,21,4200
2026-06-21,Lemon,14,2100
2026-06-21,Watermelon,19,1900
2026-06-21,Coffee Beans,8,20000
2026-06-21,Milk,2,360
2026-06-21,Sugar,19,2280
2026-06-21,Green Tea,16,12800
2026-06-21,Croissant,7,1050
2026-06-21,Sandwich Bread,8,640
2026-06-21,Cups,9,45
2026-06-21,Straws,21,42
2026-06-21,Napkins,19,57
2026-06-21,Ice,3,150
2026-06-21,Mint,21,6300
2026-06-22,Mango,19,9500
2026-06-22,Orange,7,1400
2026-06-22,Lemon,6,900
2026-06-22,Watermelon,4,400
2026-06-22,Coffee Beans,14,35000
2026-06-22,Milk,7,1260
2026-06-22,Sugar,8,960
2026-06-22,Green Tea,8,6400
2026-06-22,Croissant,13,1950
2026-06-22,Sandwich Bread,9,720
2026-06-22,Cups,8,40
2026-06-22,Straws,7,14
2026-06-22,Napkins,4,12
2026-06-22,Ice,14,700
2026-06-22,Mint,13,3900
2026-06-23,Mango,14,7000
2026-06-23,Orange,7,1400
2026-06-23,Lemon,14,2100
2026-06-23,Watermelon,16,1600
2026-06-23,Coffee Beans,6,15000
2026-06-23,Milk,14,2520
2026-06-23,Sugar,3,360
2026-06-23,Green Tea,13,10400
2026-06-23,Croissant,8,1200
2026-06-23,Sandwich Bread,3,240
2026-06-23,Cups,8,40
2026-06-23,Straws,11,22
2026-06-23,Napkins,15,45
2026-06-23,Ice,6,300
2026-06-23,Mint,10,3000
2026-06-24,Mango,9,4500
2026-06-24,Orange,7,1400
2026-06-24,Lemon,3,450
2026-06-24,Watermelon,4,400
2026-06-24,Coffee Beans,7,17500
2026-06-24,Milk,12,2160
2026-06-24,Sugar,6,720
2026-06-24,Green Tea,6,4800
2026-06-24,Croissant,9,1350
2026-06-24,Sandwich Bread,11,880
2026-06-24,Cups,13,65
2026-06-24,Straws,8,16
2026-06-24,Napkins,4,12
2026-06-24,Ice,20,1000
2026-06-24,Mint,9,2700
2026-06-25,Mango,11,5500
2026-06-25,Orange,9,1800
2026-06-25,Lemon,2,300
2026-06-25,Watermelon,20,2000
2026-06-25,Coffee Beans,15,37500
2026-06-25,Milk,7,1260
2026-06-25,Sugar,11,1320
2026-06-25,Green Tea,8,6400
2026-06-25,Croissant,6,900
2026-06-25,Sandwich Bread,12,960
2026-06-25,Cups,14,70
2026-06-25,Straws,2,4
2026-06-25,Napkins,3,9
2026-06-25,Ice,19,950
2026-06-25,Mint,12,3600
2026-06-26,Mango,12,6000
2026-06-26,Orange,7,1400
2026-06-26,Lemon,10,1500
2026-06-26,Watermelon,22,2200
2026-06-26,Coffee Beans,13,32500
2026-06-26,Milk,12,2160
2026-06-26,Sugar,4,480
2026-06-26,Green Tea,2,1600
2026-06-26,Croissant,4,600
2026-06-26,Sandwich Bread,15,1200
2026-06-26,Cups,11,55
2026-06-26,Straws,12,24
2026-06-26,Napkins,14,42
2026-06-26,Ice,14,700
2026-06-26,Mint,2,600
2026-06-27,Mango,8,4000
2026-06-27,Orange,4,800
2026-06-27,Lemon,7,1050
2026-06-27,Watermelon,30,3000
2026-06-27,Coffee Beans,16,40000
2026-06-27,Milk,9,1620
2026-06-27,Sugar,9,1080
2026-06-27,Green Tea,11,8800
2026-06-27,Croissant,15,2250
2026-06-27,Sandwich Bread,2,160
2026-06-27,Cups,15,75
2026-06-27,Straws,5,10
2026-06-27,Napkins,16,48
2026-06-27,Ice,19,950
2026-06-27,Mint,9,2700
2026-06-28,Mango,14,7000
2026-06-28,Orange,12,2400
2026-06-28,Lemon,19,2850
2026-06-28,Watermelon,6,600
2026-06-28,Coffee Beans,15,37500
2026-06-28,Milk,5,900
2026-06-28,Sugar,14,1680
2026-06-28,Green Tea,9,7200
2026-06-28,Croissant,11,1650
2026-06-28,Sandwich Bread,9,720
2026-06-28,Cups,16,80
2026-06-28,Straws,8,16
2026-06-28,Napkins,7,21
2026-06-28,Ice,6,300
2026-06-28,Mint,2,600
2026-06-29,Mango,20,10000
2026-06-29,Orange,4,800
2026-06-29,Lemon,9,1350
2026-06-29,Watermelon,16,1600
2026-06-29,Coffee Beans,8,20000
2026-06-29,Milk,10,1800
2026-06-29,Sugar,3,360
2026-06-29,Green Tea,6,4800
2026-06-29,Croissant,14,2100
2026-06-29,Sandwich Bread,6,480
2026-06-29,Cups,13,65
2026-06-29,Straws,9,18
2026-06-29,Napkins,5,15
2026-06-29,Ice,17,850
2026-06-29,Mint,6,1800
